SPECID,fringe,reduction,sky,comment
G15_Y2_022_356,1,,,
G12_Y1_HS2_356,1,,,
G09_Y1_HS2_056,1,,,
G09_Y1_DS2_036,1,,,
G15_Y4_207_165,1,,,
G09_Y1_FN1_055,1,,,
G09_Y1_IN2_021,1,,,
G12_Y1_IS1_060,1,,,
G09_Y1_HN2_036,1,,,
G15_Y1_DN1_384,,1,,DN1 field error
G12_Y1_FS1_354,1,,,
G12_Y1_CS1_055,1,,,
G15_Y2_001_356,1,,,
G09_Y1_IS2_356,1,,,
G12_Y1_IS2_117,1,,,
G15_Y5_035_356,1,,,
G12_Y1_ND4_060,1,,,
G12_Y1_HND1_130,1,,,
G15_Y1_BS2_064,1,,,
G12_Y1_FS2_055,1,,,
G09_Y1_HS2_060,1,,,
G12_Y1_FS2_056,1,,,
G12_Y1_CS1_064,1,,,
G15_Y1_HN2_115,1,,,
G15_Y1_AN2_354,1,,,
G15_Y2_012_112,1,,,
G09_Y1_FN1_056,1,,,
G09_Y1_DS2_031,1,,,
G15_Y1_DN1_379,,1,,DN1 field error
G15_Y2_001_271,1,,,
G12_Y1_DS2_356,1,,,
G12_Y1_EX2_117,1,,,
G15_Y4_207_107,1,,,
G15_Y1_DN1_376,,1,,DN1 field error
G15_Y1_DN1_367,,1,,DN1 field error
G09_Y2_004_354,1,,,
G15_Y1_BS2_138,1,,,
G09_Y1_AN2_055,1,,,
G09_Y2_026_356,1,,,
G12_Y1_AX1_008,,,1,
G09_Y1_IN2_111,1,,,
G09_Y1_HS2_055,1,,,
G09_Y1_CS1_055,1,,,
G09_Y1_GS2_056,1,,,
G12_Y1_CS1_129,1,,,
G15_Y1_FN1_354,1,,,
G15_Y3_038_120,1,,,
G15_Y1_DS1_130,1,,,
G12_Y1_BS1_138,1,,,
G15_Y1_DN1_396,,1,,DN1 field error
G15_Y1_EN1_138,1,,,
G12_Y1_END1_130,1,,,
G12_Y1_ND3_168,1,,,
G15_Y1_AN2_003,1,,,
G15_Y4_216_356,1,,,
G15_Y1_HS1_023,1,,,
G15_Y4_205_353,1,,,
G12_Y1_HS2_354,1,,,
G12_Y1_DS1_064,1,,,
G09_Y1_DS2_060,1,,,
G15_Y2_022_028,1,,,
G15_Y4_205_370,1,,,
G12_Y1_ND3_165,1,,,
G15_Y1_DN1_378,,1,,DN1 field error
G09_Y1_GS1_107,1,,,
G15_Y1_ES2_111,1,,,
G12_Y1_FS1_130,1,,,
G09_Y1_GS2_031,1,,,
G15_Y1_HS1_117,1,,,
G09_Y1_BN2_129,1,,,
G15_Y1_GN1_276,1,,,
G12_Y2_011_021,1,,,
G15_Y1_AN2_021,1,,,
G12_Y1_DN1_354,1,,,
G12_Y1_ND3_031,1,,,
G09_Y1_AN2_040,1,,,
G15_Y3_008_271,1,,,
G12_Y1_EN1_064,1,,,
G12_Y1_FN1_276,1,,,
G09_Y1_BN2_055,1,,,
G09_Y1_DS2_055,1,,,
G09_Y1_HS2_036,1,,,
G09_Y1_IN2_028,1,,,
G12_Y1_HS2_276,1,,,
G15_Y1_FN1_276,1,,,
G09_Y2_031_271,1,,,
G09_Y1_DN1_056,1,,,
G12_Y1_ID1_079,1,,,
G15_Y2_003_356,1,,,
G15_Y2_014_110,1,,,
G12_Y1_ND5_023,1,,,
G15_Y4_216_211,1,,,
G09_Y1_GS2_132,1,,,
G02_Y4_034_354,1,,,
G12_Y1_HS2_115,1,,,
G15_Y1_DN1_002,,1,,DN1 field error
G12_Y1_IS1_107,1,,,
G15_Y1_BS2_056,1,,,
G09_Y1_HN1_008,1,,,
G15_Y1_DN1_395,,1,,DN1 field error
G12_Y1_ND6_031,1,,,
G09_Y1_IS2_008,1,,,
G09_Y1_AN2_139,1,,,
G09_Y1_FS2_055,1,,,
G15_Y1_AN2_080,1,,,
G09_Y1_BS1_138,1,,,
G15_Y2_011_115,1,,,
G09_Y1_FS1_003,1,,,
G15_Y3_003_241,1,,,
G15_Y3_029_112,1,,,
G12_Y1_ES1_008,1,,,
G15_Y2_011_120,1,,,
G09_Y1_GS2_060,1,,,
G02_Y4_031_079,1,,,
G15_Y1_IS1_071,1,,,
G12_Y1_DS2_276,1,,,
G15_Y1_DN1_004,,1,,DN1 field error
G09_Y1_DS2_040,1,,,
G09_Y1_GS1_122,1,,,
G09_Y1_CS1_054,1,,,
G12_Y1_HS1_056,1,,,
G12_Y1_HS1_060,1,,,
G15_Y1_EN1_060,1,,,
G15_Y1_GN1_130,1,,,
G15_Y1_AN2_023,1,,,
G12_Y1_IS2_276,1,,,
G09_Y1_AN2_138,1,,,
G09_Y1_BS1_055,1,,,
G15_Y1_GN1_063,,,1,
G12_Y1_DN1_360,1,,,
G15_Y1_DN1_320,,1,,DN1 field error
G02_Y4_040_086,1,,,
G15_Y1_DS1_023,1,,,
G09_Y1_ES2_060,,,,
G12_Y3_022_354,1,,,
G15_Y1_AS2_031,1,,,
G15_Y2_010_004,,,1,
G09_Y2_035_120,1,,,
G15_Y1_CN1_345,1,,,
G12_Y1_GN1_341,1,,,
G15_Y1_AS2_056,1,,,
G12_Y1_ND1_031,1,,,
G15_Y3_012_038,,1,,
G15_Y1_BS2_107,1,,,
G12_Y1_CS1_138,1,,,
G15_Y1_AN2_106,1,,,
G09_Y1_HN1_354,1,,,
G15_Y1_DN1_348,,1,,DN1 field error
G09_Y1_GS2_055,1,,,
G09_Y1_GN1_130,1,,,
G09_Y1_GS2_054,1,,,
G12_Y1_HS1_036,1,,,
G15_Y2_019_064,1,,,
G12_Y1_IN1_354,1,,,
G15_Y1_AN2_079,1,,,
G12_Y1_IND1_060,1,,,
G15_Y2_014_112,1,,,
G15_Y1_EN1_132,1,,,
G09_Y1_GN1_119,1,,,
G12_Y1_GN1_023,1,,,
G09_Y1_AN2_056,1,,,
G09_Y1_FN1_138,1,,,
G15_Y1_CN1_354,1,,,
G15_Y1_EN1_055,1,,,
G15_Y2_022_112,1,,,
G09_Y1_FS2_060,1,,,
G15_Y1_DN1_009,,1,,DN1 field error
G15_Y2_014_056,,1,,bad splice
G12_Y2_017_276,1,,,
G12_Y1_GND1_107,1,,,
G12_Y1_ND6_107,1,,,
G09_Y1_BS1_122,1,,,
G12_Y2_011_276,1,,,
G15_Y1_DN1_290,,1,,DN1 field error
G09_Y2_035_116,1,,,
G15_Y1_IN1_056,1,,,
G15_Y1_DS2_046,,1,,bad splice
G12_Y1_HND1_115,1,,,
G15_Y1_IN1_064,1,,,
G15_Y1_BN2_079,1,,,
G12_Y1_CN1_161,1,,,
G12_Y1_IS2_071,1,,,
G09_Y4_215_055,1,,,
G15_Y3_021_279,1,,,
G09_Y1_FN2_279,1,,,
G12_Y1_ND1_129,1,,,
G12_Y1_CS2_002,1,,,
G12_Y2_038_275,1,,,
G15_Y2_003_021,1,,,
G09_Y1_FS2_129,1,,,
G15_Y1_FN1_345,1,,,
G09_Y1_IN2_348,1,,,
G15_Y1_DS1_079,1,,,
G15_Y1_GS1_115,1,,,
G09_Y1_CS2_115,1,,,
G02_Y4_041_040,1,,,
G15_Y1_HN1_055,1,,,
G09_Y1_IS2_079,1,,,
G09_Y1_DN1_054,1,,,
G12_Y1_CN1_107,1,,,
G09_Y1_CN1_130,1,,,
G15_Y1_FS2_020,,1,,bad splice
G02_Y4_032_129,1,,,
G15_Y2_014_060,,1,,bad splice
G12_Y1_GS2_130,1,,,
G15_Y2_014_013,,1,,bad splice
G15_Y1_DS1_276,1,,,
G12_Y1_AN1_055,1,,,
G12_Y1_HS2_008,1,,,
G15_Y4_236_376,,1,,
G15_Y1_AN2_071,1,,,
G15_Y1_EN1_107,1,,,
G09_Y1_BS1_107,1,,,
G12_Y1_CN1_129,1,,,
G12_Y1_AS2_117,1,,,
G09_Y2_010_129,1,,,
G12_Y1_IN1_111,1,,,
G15_Y1_IN1_178,,,1,
G15_Y6_097_017,,1,,bad splice
G09_Y1_FN1_064,1,,,
G15_Y4_236_366,,1,,
G12_Y1_ND7_036,1,,,
G15_Y2_014_027,,1,,bad splice
G12_Y1_GND1_054,1,,,
G09_Y2_033_356,1,,,
G09_Y5_002_086,1,,,
G09_Y1_FN1_129,1,,,
G12_Y1_IS1_064,1,,,
G12_Y2_023_120,1,,,
G15_Y1_IN1_381,1,,,
G09_Y1_BN2_031,1,,,
G15_Y2_011_059,,1,,bad splice
G12_Y1_CX1_390,,,1,
G12_Y1_ES1_117,1,,,
G15_Y2_011_045,,1,,bad splice
G09_Y1_HN2_161,1,,,
G15_Y3_001_241,1,,,
G09_Y1_CN1_354,1,,,
G02_Y3_015_348,1,,,
G15_Y1_CS1_055,1,,,
G15_Y6_097_011,,1,,bad splice
G09_Y3_005_040,1,,,
G15_Y4_236_395,,1,,
G15_Y6_088_374,,1,,bad splice
G09_Y3_004_365,1,,,
G12_Y1_AS2_115,1,,,
G09_Y1_CN2_064,1,,,
G15_Y2_010_059,,1,,bad splice
G09_Y1_FN1_079,,,1,
G09_Y1_IS2_071,1,,,
G09_Y5_053_015,,1,,bad splice
G15_Y4_216_370,1,,,
G15_Y1_CX1_039,,1,,bad splice
G15_Y2_011_042,,1,,bad splice
G15_Y4_219_356,1,,,
G09_Y1_BN2_054,1,,,
G12_Y3_039_313,,,1,
G12_Y1_CD1_354,1,,,
G15_Y1_DS2_021,,1,,bad splice
G15_Y1_DN2_051,,1,,bad splice
G02_Y4_042_017,,1,,bad splice
G15_Y1_CN1_115,1,,,
G15_Y2_014_068,,1,,bad splice
G09_Y4_201_370,1,,,
G15_Y2_014_046,,1,,bad splice
G09_Y1_AN2_031,1,,,
G12_Y1_GS1_107,1,,,
G15_Y2_001_115,1,,,
G15_Y2_014_009,,1,,bad splice
G12_Y1_HS1_138,1,,,
G12_Y1_ND1_308,1,,,
G12_Y1_CND1_064,1,,,
G12_Y1_BN1_023,1,,,
G09_Y1_HS2_139,1,,,
G15_Y4_224_313,,,1,
G15_Y1_DS2_070,,1,,bad splice
G15_Y2_022_276,1,,,
G15_Y1_EN2_117,1,,,
G15_Y2_013_088,,1,,bad splice
G09_Y1_DN1_036,1,,,
G15_Y1_CS1_060,1,,,
G15_Y1_GS1_341,1,,,
G12_Y2_008_041,1,,,
G15_Y2_014_033,,1,,bad splice
G02_Y6_005_021,,1,,bad splice
G15_Y1_DS2_010,,1,,bad splice
G15_Y2_014_023,,1,,bad splice
G15_Y1_AN2_008,1,,,
G15_Y6_097_012,,1,,bad splice
G09_Y1_GN2_008,1,,,
G15_Y6_087_018,,1,,bad splice
G02_Y4_043_274,1,,,
G15_Y1_IN1_054,1,,,
G12_Y1_FS2_064,1,,,
G12_Y1_BN1_130,1,,,
G15_Y2_014_106,,1,,bad splice
G12_Y1_DS1_056,1,,,
G12_Y1_ES1_276,1,,,
G12_Y1_IN1_119,1,,,
G02_Y3_020_277,1,,,
G09_Y1_AN2_036,1,,,
G09_Y4_251_360,1,,,
G15_Y2_010_028,,1,,bad splice
G15_Y2_001_021,1,,,
G15_Y2_010_006,,1,,bad splice
G12_Y1_DN1_079,1,,,
G09_Y1_HN1_229,,,1,
G15_Y6_097_041,,1,,bad splice
G15_Y1_DS2_005,,1,,bad splice
G12_Y1_ND6_308,1,,,
G12_Y1_CS1_107,1,,,
G12_Y1_HN1_003,1,,,
G09_Y4_213_107,1,,,
G02_Y4_025_271,1,,,
G12_Y1_DN1_008,1,,,
G15_Y1_BS2_165,1,,,
G12_Y3_031_369,,1,,bad splice
G12_Y4_212_064,1,,,
G09_Y4_207_356,1,,,
G15_Y1_GX2_090,,,1,
G15_Y6_097_029,,1,,bad splice
G12_Y4_205_211,1,,,
G12_Y1_IS2_111,1,,,
G12_Y1_CS2_354,1,,,
G09_Y1_DN2_130,1,,,
G15_Y1_HS1_276,1,,,
G15_Y3_034_116,1,,,
G12_Y1_DS1_061,1,,,
G15_Y2_010_071,,1,,bad splice
G15_Y2_020_276,1,,,
G02_Y4_042_236,,1,,bad splice
G15_Y2_014_032,,1,,bad splice
G15_Y1_DS2_069,,1,,bad splice
G12_Y4_204_241,1,,,
G12_Y1_DS1_060,1,,,
G15_Y6_082_064,,1,,
G15_Y3_009_036,,1,,bad splice
G15_Y1_DS2_061,,1,,bad splice
G15_Y3_001_276,1,,,
G15_Y3_005_061,1,,,
G09_Y1_AN2_110,1,,,
G12_Y1_GN1_002,1,,,
G15_Y1_CS1_107,1,,,
G12_Y1_ND3_129,1,,,
G02_Y5_109_294,,1,,
G15_Y2_003_110,1,,,
G09_Y4_228_376,1,,,
G12_Y6_060_009,,1,,bad splice
G15_Y1_AS2_138,1,,,
G15_Y2_003_071,1,,,
G09_Y1_GS1_054,1,,,
G15_Y2_010_037,,1,,bad splice
G15_Y2_014_104,,1,,bad splice
G15_Y2_011_015,,1,,bad splice
G15_Y2_011_026,,1,,bad splice
G15_Y4_237_368,,1,,
G02_Y6_004_002,,1,,bad splice
G12_Y1_FS2_132,1,,,
G09_Y2_016_271,1,,,
G15_Y6_097_078,,1,,bad splice
G02_Y5_073_066,,1,,bad splice
G15_Y6_099_073,,1,,bad splice
G15_Y1_CN1_079,1,,,
G09_Y1_BS2_332,,,1,
G09_Y1_HN1_023,1,,,
G12_Y1_CS2_356,1,,,
G12_Y1_HND1_354,1,,,
G09_Y1_HN1_111,1,,,
G15_Y2_010_120,,1,,bad splice
G15_Y2_009_279,1,,,
G15_Y3_009_061,1,,,
G12_Y4_205_071,1,,,
G15_Y6_087_069,1,,,
G15_Y2_014_011,,1,,bad splice
G15_Y2_010_077,,1,,bad splice
G15_Y4_237_365,,1,,
G09_Y1_FN2_271,1,,,
G09_Y5_050_029,,1,,
G15_Y1_GN1_115,1,,,
G09_Y1_HN2_061,1,,,
G12_Y1_AS2_345,1,,,
G15_Y3_017_115,1,,,
G12_Y1_EN1_168,1,,,
G12_Y6_073_026,,1,,bad splice
G15_Y2_013_024,,1,,bad splice
G12_Y1_IS2_008,1,,,
G09_Y2_035_110,1,,,
G09_Y1_IS1_003,1,,,
G12_Y1_GS2_354,1,,,
G09_Y1_DS2_138,1,,,
G12_Y1_IND1_064,1,,,
G12_Y1_DS1_107,1,,,
G12_Y1_ND4_064,1,,,
G15_Y4_237_397,,1,,
G09_Y2_015_385,1,,,
G09_Y4_211_209,,,1,
G15_Y6_088_395,,1,,
G15_Y1_CN2_368,,1,,bad splice
G15_Y2_013_001,,1,,bad splice
G15_Y4_228_006,,1,,bad splice
G15_Y6_097_072,,1,,bad splice
G12_Y1_CS2_008,1,,,
G15_Y1_HN1_031,1,,,
G15_Y1_GN1_279,1,,,
G09_Y4_208_076,1,,,
G15_Y1_DN1_072,,1,,DN1 field error
G09_Y1_DS2_056,1,,,
G15_Y3_047_008,,1,,bad splice
G15_Y3_001_080,1,,,
G15_Y2_012_120,1,,,
G09_Y1_DX1_380,,1,,bad splice
G15_Y4_237_396,,1,,
G15_Y4_202_055,1,,,
G12_Y1_ES1_026,1,,,
G12_Y1_FN1_109,1,,,
G09_Y1_IS2_106,1,,,
G15_Y6_097_392,,1,,bad splice
G12_Y1_DN1_112,1,,,
G15_Y2_005_345,1,,,
G02_Y4_021_168,1,,,
G15_Y6_096_352,,1,,bad splice
G09_Y1_FS2_107,1,,,
G15_Y2_014_090,,1,,bad splice
G15_Y2_014_065,,1,,bad splice
G15_Y3_009_008,,1,,bad splice
G09_Y1_AX1_332,,,1,
G15_Y1_CS2_341,1,,,
G15_Y2_012_110,1,,,
G15_Y6_087_015,,1,,bad splice
G12_Y1_DN1_345,1,,,
G12_Y6_070_359,,1,,bad splice
G09_Y1_BS1_265,,,1,
G02_Y4_040_368,1,,,
G09_Y1_EN1_168,1,,,
G15_Y1_GS2_115,1,,,
G02_Y4_031_398,,1,,bad splice
G09_Y1_GS2_168,1,,,
G12_Y6_060_087,,1,,bad splice
G02_Y4_040_235,1,,,
G02_Y6_005_071,,1,,bad splice
G09_Y1_FN2_356,1,,,
G15_Y2_020_390,,1,,bad splice
G15_Y1_DN2_060,,1,,bad splice
G15_Y1_DN2_040,,1,,bad splice
G15_Y6_093_094,,1,,bad splice
G15_Y1_EN1_054,1,,,
G15_Y2_019_016,,,1,
G15_Y2_022_012,,1,,bad splice
G09_Y1_AS1_055,1,,,
G09_Y1_DS1_115,1,,,
G15_Y4_204_248,1,,,
G15_Y1_HS1_345,1,,,
G02_Y5_088_313,,1,,bad splice
G12_Y4_210_388,,1,,
G15_Y4_207_041,1,,,
G12_Y1_BS2_103,1,,,
G12_Y1_ND4_054,1,,,
G12_Y6_073_015,,1,,bad splice
G12_Y6_058_001,,1,,
G15_Y2_011_051,,1,,bad splice
G12_Y1_AN1_060,1,,,
G09_Y1_IN1_055,1,,,
G09_Y1_EN2_285,1,,,
G09_Y4_221_395,1,,,
G15_Y1_EN2_070,,1,,bad splice
G15_Y3_047_037,,1,,bad splice
G09_Y4_226_002,,1,,bad splice
G15_Y2_014_051,,1,,bad splice
G02_Y4_044_126,,,1,
G15_Y1_CX2_007,,1,,
G02_Y4_028_102,1,,,
G12_Y1_FS2_138,1,,,
G09_Y1_FS1_026,1,,,
G15_Y1_DN2_110,1,,,
G15_Y6_097_043,,1,,bad splice
G15_Y1_FS2_056,,1,,bad splice
G12_Y1_GN1_345,1,,,
G12_Y1_CND1_107,1,,,
G15_Y1_BS2_036,1,,,
G12_Y1_HS1_161,1,,,
G12_Y1_CN1_122,1,,,
G09_Y1_GS2_359,1,,,
G15_Y2_010_129,1,,,
G15_Y4_214_129,1,,,
G09_Y2_031_274,1,,,
G09_Y5_007_161,1,,,
G12_Y1_IS2_021,1,,,
G12_Y1_CN1_061,1,,,
G09_Y1_AN2_136,1,,,
G09_Y4_201_079,1,,,
G12_Y1_HN1_112,1,,,
G15_Y6_086_036,,1,,bad splice
G15_Y1_AN2_276,1,,,
G12_Y1_CND1_054,1,,,
G12_Y1_AS2_354,1,,,
G12_Y1_FS2_129,1,,,
G15_Y1_DN1_030,,1,,DN1 field error
G15_Y4_207_315,,1,,bad splice
G12_Y1_CD1_341,1,,,
G02_Y5_089_020,,1,,bad splice
G15_Y3_001_119,1,,,
G15_Y2_014_001,,1,,bad splice
G02_Y5_079_001,,1,,bad splice
G12_Y6_073_035,,1,,bad splice
G12_Y1_AX1_341,1,,,
G15_Y4_213_211,1,,,
G15_Y3_017_276,1,,,
G15_Y2_009_276,1,,,
G12_Y1_CN1_132,1,,,
G15_Y1_GS1_117,1,,,
G12_Y1_FS2_107,1,,,
G12_Y1_DN1_080,1,,,
G09_Y1_GN2_345,1,,,
G15_Y4_206_014,,1,,bad splice
G09_Y2_004_356,1,,,
G02_Y3_007_356,1,,,
G02_Y3_014_204,1,,,
G02_Y3_018_173,,,1,
G02_Y4_002_315,,,1,
G02_Y4_031_086,1,,,
G02_Y4_035_078,,1,,bad splice
G02_Y4_035_129,1,,,
G02_Y4_037_274,1,,,
G02_Y4_040_253,1,,,
G02_Y4_043_283,1,,,
G02_Y5_051_009,,,1,
G02_Y5_074_068,,,1,
G02_Y5_088_019,,,1,
G02_Y5_092_056,,1,,red arm
G02_Y5_109_208,,,1,
G02_Y5_116_365,,1,,bad splice
G09_Y1_AN2_107,1,,,
G09_Y1_AN2_132,1,,,
G09_Y1_AN2_168,1,,,
G09_Y1_BN2_040,1,,,
G09_Y1_BS2_327,,1,,
G09_Y1_BX2_332,,,1,
G09_Y1_CN1_117,1,,,
G09_Y1_CN2_107,1,,,
G09_Y1_DN2_117,1,,,
G09_Y1_DN2_120,1,,,
G09_Y1_DN2_341,1,,,
G09_Y1_DN2_342,1,,,
G09_Y1_DS1_354,1,,,
G09_Y1_DX2_332,,,1,
G09_Y1_EN2_280,1,,,
G09_Y1_GN1_276,1,,,
G09_Y1_GN1_356,1,,,
G09_Y1_GX1_008,,,1,
G09_Y1_HN1_276,1,,,
G09_Y1_IN1_036,1,,,
G09_Y1_IN2_271,1,,,
G09_Y1_IN2_354,1,,,
G09_Y1_IS1_008,1,,,
G09_Y1_IS1_079,1,,,
G09_Y1_IS1_111,1,,,
G09_Y1_IS2_004,,1,,
G09_Y1_test_010,1,,,
G09_Y2_002_061,1,,,
G09_Y2_010_180,1,,,
G09_Y2_010_234,1,,,
G09_Y2_015_006,,1,,bad splice
G09_Y2_018_016,,,1,
G09_Y2_038_016,,,1,
G09_Y4_201_326,1,,,
G09_Y4_206_007,1,,,
G09_Y4_206_013,1,,,
G09_Y4_206_372,1,,,
G09_Y4_207_055,1,,,
G09_Y4_207_244,1,,,
G09_Y4_221_165,1,,,
G09_Y4_227_224,,1,,bad splice
G09_Y4_245_102,1,,,
G12_Y1_AS1_161,1,,,
G12_Y1_AS2_002,1,,,
G12_Y1_AS2_021,1,,,
G12_Y1_CN1_138,1,,,
G12_Y1_CS2_112,1,,,
G12_Y1_CS2_275,1,,,
G12_Y1_CS2_276,1,,,
G12_Y1_CX1_341,1,,,
G12_Y1_DN1_279,,1,,
G12_Y1_DN1_356,,1,,
G12_Y1_DN1_378,,1,,
G12_Y1_DS1_036,1,,,
G12_Y1_DS1_168,,,,
G12_Y1_DS2_079,1,,,
G12_Y1_END1_112,1,,,
G12_Y1_END1_345,1,,,
G12_Y1_ES1_071,1,,,
G12_Y1_FN1_345,1,,,
G12_Y1_FND1_061,1,,,
G12_Y1_FND1_161,1,,,
G12_Y1_FS1_002,1,,,
G12_Y1_FS1_109,1,,,
G12_Y1_FX2_116,1,,,
G12_Y1_FX2_212,1,,,
G12_Y1_FX2_341,1,,,
G12_Y1_GN1_279,1,,,
G12_Y1_GN1_332,,,1,
G12_Y1_GND1_168,1,,,
G12_Y1_GS1_161,1,,,
G12_Y1_GS1_168,1,,,
G12_Y1_GS2_276,1,,,
G12_Y1_HN1_115,1,,,
G12_Y1_ID1_275,1,,,
G12_Y1_IN1_345,1,,,
G12_Y1_IS1_161,1,,,
G12_Y1_IS2_080,1,,,
G12_Y1_IS2_112,1,,,
G12_Y1_ND2_030,1,,,
G12_Y1_ND2_216,1,,,
G12_Y1_ND5_008,1,,,
G12_Y1_ND5_010,1,,,
G12_Y1_ND7_169,1,,,
G12_Y2_001_168,1,,,
G12_Y2_030_165,1,,,
G12_Y2_031_116,1,,,
G12_Y2_038_119,1,,,
G12_Y2_040_004,,,1,
G12_Y4_202_355,1,,,
G12_Y4_204_015,,1,,bad splice
G12_Y4_205_082,1,,,
G12_Y4_206_365,1,,,
G12_Y4_206_379,1,,,
G12_Y4_210_358,,1,,
G12_Y4_210_372,,1,,
G12_Y4_211_353,1,,,
G12_Y4_212_107,1,,,
G12_Y5_005_391,,,1,
G12_Y5_030_008,,,1,
G15_Y1_AN2_009,1,,,
G15_Y1_AN2_028,1,,,
G15_Y1_AN2_084,1,,,
G15_Y1_AN2_258,1,,,
G15_Y1_AN2_275,1,,,
G15_Y1_AN2_341,1,,,
G15_Y1_AS1_348,1,,,
G15_Y1_AS2_036,1,,,
G15_Y1_AX1_154,,,1,
G15_Y1_AX1_332,,,1,
G15_Y1_BN1_110,1,,,
G15_Y1_BN2_080,1,,,
G15_Y1_BN2_342,1,,,
G15_Y1_BS2_132,1,,,
G15_Y1_BS2_244,1,,,
G15_Y1_BX2_112,1,,,
G15_Y1_CN1_341,1,,,
G15_Y1_CS1_136,1,,,
G15_Y1_CS2_119,1,,,
G15_Y1_CS2_345,1,,,
G15_Y1_DS1_111,1,,,
G15_Y1_DS1_275,1,,,
G15_Y1_EN1_244,1,,,
G15_Y1_EN2_332,,,1,
G15_Y1_FN1_021,1,,,
G15_Y1_FN1_279,1,,,
G15_Y1_FN1_332,,,1,
G15_Y1_FN1_341,1,,,
G15_Y1_GN1_345,1,,,
G15_Y1_GS1_008,1,,,
G15_Y1_GS1_279,1,,,
G15_Y1_GS1_354,1,,,
G15_Y1_HN1_161,1,,,
G15_Y1_HS1_002,1,,,
G15_Y1_HS1_103,1,,,
G15_Y1_IN1_138,1,,,
G15_Y1_IN1_139,1,,,
G15_Y1_IN1_308,1,,,
G15_Y1_IN1_387,1,,,
G15_Y1_IS1_010,1,,,
G15_Y1_IS1_341,1,,,
G15_Y2_001_026,1,,,
G15_Y2_001_076,1,,,
G15_Y2_001_112,1,,,
G15_Y2_002_385,1,,,
G15_Y2_003_026,1,,,
G15_Y2_003_115,1,,,
G15_Y2_003_279,1,,,
G15_Y2_007_079,,1,,bad splice
G15_Y2_009_353,1,,,
G15_Y2_011_034,,1,,bad splice
G15_Y2_011_068,,1,,bad splice
G15_Y2_011_356,1,,,
G15_Y2_012_102,1,,,
G15_Y2_014_007,,1,,bad splice
G15_Y2_014_019,,1,,bad splice
G15_Y2_014_022,,1,,bad splice
G15_Y2_014_028,,1,,bad splice
G15_Y2_014_039,,1,,bad splice
G15_Y2_014_055,,1,,bad splice
G15_Y2_017_369,,,1,
G15_Y2_018_108,1,,,
G15_Y2_018_216,1,,,
G15_Y2_019_168,1,,,
G15_Y2_020_274,1,,,
G15_Y2_022_026,1,,,
G15_Y2_022_110,1,,,
G15_Y2_022_120,1,,,
G15_Y2_023_004,,,1,
G15_Y2_023_161,1,,,
G15_Y3_003_108,1,,,
G15_Y3_003_360,1,,,
G15_Y3_004_061,1,,,
G15_Y3_007_011,,,1,
G15_Y3_007_387,1,,,
G15_Y3_016_040,1,,,
G15_Y3_016_054,1,,,
G15_Y3_017_216,1,,,
G15_Y3_021_026,1,,,
G15_Y3_033_315,,,1,
G15_Y3_034_007,,1,,bad splice
G15_Y3_036_368,,,1,
G15_Y3_039_090,,,1,
G15_Y3_040_276,1,,,
G15_Y4_201_027,1,,,
G15_Y4_201_110,1,,,
G15_Y4_202_167,1,,,
G15_Y4_203_241,1,,,
G15_Y4_205_108,1,,,
G15_Y4_205_126,1,,,
G15_Y4_207_056,1,,,
G15_Y4_215_248,1,,,
G15_Y4_215_395,1,,,
G15_Y4_216_082,1,,,
G15_Y4_216_378,1,,,
G15_Y4_218_395,1,,,
G15_Y4_219_345,1,,,
G15_Y4_220_040,1,,,
G15_Y4_235_395,1,,,
G15_Y4_238_037,,1,,bad splice
G15_Y4_238_313,,,1,
G15_Y4_238_366,,1,,238 field error
G15_Y4_238_369,,1,,238 field error
G15_Y4_238_370,,1,,238 field error
G15_Y4_238_374,,1,,238 field error
G15_Y4_238_376,,1,,238 field error
G15_Y4_238_378,,1,,238 field error
G15_Y4_240_037,,1,,bad splice
G15_Y4_243_120,1,,,
G15_Y5_021_037,1,,,
G15_Y5_028_061,1,,,
G15_Y6_082_007,,1,,bad splice
G15_Y6_088_126,,1,,bad splice
G15_Y6_088_352,,1,,bad splice
G15_Y6_088_384,,1,,bad splice
G15_Y6_097_007,,1,,bad splice
G15_Y6_099_386,,1,,bad splice
G15_Y6_100_398,,1,,
G15_Y6_101_358,1,,,
G15_Y6_101_368,,1,,bad splice
G15_Y6_101_377,,1,,bad splice
G15_Y6_101_387,,1,,bad splice
G15_Y6_101_391,,1,,bad splice
G09_Y4_204_037,,,1,
G09_Y1_EX1_291,,,1,
G12_Y1_CND1_110,,,1,
G12_Y1_FND1_054,1,,,
G15_Y4_236_358,,1,,
G15_Y3_040_293,,,1,
G15_Y4_236_358,,1,,
G15_Y4_236_358,,1,,
G15_Y6_093_363,,1,,
G15_Y3_001_102,1,,,
G15_Y1_FN2_119,,1,,
G12_Y1_FT_034,,1,,
G15_Y2_009_305,1,,,
G15_Y4_204_039,,1,,
G15_Y1_DS2_028,,1,,
G12_Y6_040_233,,,1,
G15_Y1_DS2_026,,1,,
G15_Y6_100_361,,1,,
G15_Y6_100_356,1,,,
G15_Y6_100_383,,1,,
G02_Y5_112_061,,1,,
G12_Y3_032_283,,1,,
G15_Y3_023_067,,1,,
G15_Y1_FS2_046,,1,,
G15_Y3_037_003,,1,,
G12_Y6_060_074,,1,,
G15_Y4_206_011,,1,,
G12_Y6_060_061,,1,,
G15_Y2_013_173,1,,,
G02_Y5_107_025,,1,,
G12_Y6_057_385,,1,,
G15_Y4_215_315,,1,,
G15_Y1_AS1_110,1,,,
G12_Y1_GS1_056,1,,,
G02_Y4_028_057,,,1,
G15_Y4_203_396,1,,,
G15_Y6_108_019,,1,,
G02_Y4_040_262,1,,,
G15_Y4_203_015,,1,,bad splice
G12_Y4_204_011,,1,,bad splice
G12_Y1_IS2_106,1,,,
G15_Y6_084_030,,1,,bad splice
G15_Y3_015_010,,1,,bad splice
G15_Y6_087_021,,1,,bad splice
G02_Y6_005_028,,1,,bad splice
G15_Y6_097_021,,1,,bad splice
G02_Y4_043_286,1,,,
G12_Y6_060_021,,1,,bad splice
G15_Y1_DS2_017,,1,,bad splice
G15_Y6_099_013,,1,,bad splice
G15_Y2_013_071,,1,,bad splice
G02_Y5_079_071,,1,,bad splice
G12_Y6_055_342,,1,,bad splice
G15_Y4_203_040,,1,,bad splice
G15_Y1_GX2_033,,1,,bad splice
G15_Y1_DS2_076,,1,,bad splice
G15_Y1_CS1_031,1,,,
G15_Y6_093_075,,1,,
G15_Y1_IS1_090,,,1,bad splice
G02_Y5_089_041,,1,,
G15_Y2_001_081,1,,,
G02_Y5_076_056,,1,,bad splice
G15_Y3_050_008,,1,,bad splice
G15_Y1_DN1_264,,1,,DN1 field error
G15_Y2_010_072,,1,,bad splice
G15_Y2_007_014,,1,,bad splice
G02_Y5_074_388,,1,,bad splice
G15_Y6_076_381,,1,,bad splice
G15_Y1_DN2_052,,1,,bad splice
G15_Y1_BN2_365,1,,,
G02_Y5_089_022,,1,,
G12_Y1_IS2_116,1,,,
G15_Y1_DS1_021,1,,,
G12_Y1_DN1_396,,1,,DN1 field error
G15_Y2_011_065,,1,,bad splice
G02_Y4_042_315,,1,,bad splice
G15_Y3_021_365,1,,,
G15_Y2_011_036,,1,,bad splice
G02_Y5_080_028,,1,,bad splice
G02_Y5_076_073,,1,,bad splice
G15_Y1_DN1_034,,1,,DN1 field error
G09_Y4_226_018,,1,,bad splice
G15_Y2_011_011,,1,,bad splice
G15_Y6_088_023,,1,,bad splice
G15_Y1_DS2_039,,1,,bad splice
G15_Y6_082_041,,1,,bad splice
G15_Y2_011_064,,1,,bad splice
G15_Y6_076_232,,1,,bad splice
G09_Y2_030_244,1,,,
G09_Y1_IN2_130,1,,,
G09_Y1_CN2_060,1,,,
G09_Y1_IS2_021,1,,,
G15_Y3_016_107,1,,,
G02_Y4_033_110,1,,,
G15_Y1_DN1_397,,1,,DN1 field error
G15_Y1_DN1_369,,1,,DN1 field error
G15_Y1_DN1_358,,1,,DN1 field error
G15_Y1_DN1_377,,1,,DN1 field error
G15_Y1_IN1_136,1,,,
G12_Y2_043_356,1,,,
G15_Y1_DN1_370,,1,,DN1 field error
G15_Y4_204_359,1,,,
G12_Y1_AS1_054,1,,,
G09_Y1_BS1_064,1,,,
G15_Y4_205_354,1,,,
G12_Y1_CS1_056,1,,,
G09_Y2_027_110,1,,,
G15_Y1_DN1_368,,1,,DN1 field error
G02_Y4_001_325,,,1,
G15_Y1_DN1_392,,1,,DN1 field error
G15_Y1_DN1_353,,1,,DN1 field error
G02_Y3_019_040,1,,,
G02_Y4_028_071,1,,,
G15_Y1_DN1_315,,1,,DN1 field error
G15_Y1_DN1_381,,1,,DN1 field error
G15_Y1_IS1_279,1,,,
G15_Y1_DN1_373,,1,,DN1 field error
G09_Y2_028_108,1,,,
G15_Y1_DN1_365,,1,,DN1 field error
G02_Y4_041_061,1,,,
G15_Y4_205_379,1,,,
G15_Y1_DN1_399,,1,,DN1 field error
G15_Y3_011_216,1,,,
G15_Y1_DN1_313,,1,,DN1 field error
G15_Y2_020_354,1,,,
G15_Y2_009_108,1,,,
G09_Y1_GS2_244,1,,,
G15_Y6_082_046,,1,,045 like
G15_Y2_017_120,1,,,
G15_Y4_236_392,,1,,
G15_Y4_207_168,1,,,
G15_Y1_DN1_342,,1,,DN1 field error
G15_Y2_020_108,1,,,
G15_Y1_DN1_356,,1,,DN1 field error
G15_Y4_207_055,1,,,
G15_Y3_014_116,1,,,
G02_Y4_029_125,1,,,
G15_Y5_010_314,1,,,
G15_Y4_236_383,,1,,
G15_Y1_ES1_054,1,,,
G15_Y3_014_275,1,,,
G15_Y4_236_379,,1,,
G15_Y6_082_033,,1,,045 like
G15_Y3_040_279,1,,,
G15_Y1_DN1_301,,1,,DN1 field error
G02_Y6_013_229,,,1,
G15_Y3_016_381,1,,,
G15_Y3_011_115,1,,,
G15_Y1_DN1_361,,1,,DN1 field error
G15_Y4_207_040,,,,
G15_Y4_207_169,,,,
G15_Y1_DN1_362,,1,,DN1 field error
G15_Y4_225_360,1,,,
G09_Y1_HN2_031,1,,,
G15_Y3_011_275,1,,,
G15_Y4_215_129,1,,,
G15_Y4_203_252,1,,,
G15_Y4_236_381,,,1,
G12_Y4_211_108,1,,,
G15_Y1_DN1_380,,1,,DN1 field error
G15_Y4_236_372,,1,,
G09_Y4_212_241,1,,,
G15_Y2_010_397,1,,,
G15_Y2_011_341,1,,,
G15_Y4_207_064,1,,,
G15_Y4_236_370,,1,,
G02_Y4_032_037,1,,,
G15_Y4_236_364,,1,,
G02_Y3_019_037,1,,,
G15_Y3_006_110,1,,,
G15_Y1_IS1_079,1,,,
G15_Y3_011_354,1,,,
G15_Y6_082_049,,1,,045 like
G12_Y1_FN1_271,1,,,
G02_Y4_035_061,1,,,
G09_Y1_GN2_003,1,,,
G15_Y4_202_036,1,,,
G02_Y4_039_058,,,1,
G15_Y3_032_254,,,1,
G09_Y6_093_390,,1,,
G09_Y1_BN2_056,1,,,
G09_Y1_DN1_055,1,,,
G15_Y4_236_355,1,,,
G09_Y1_GS2_161,1,,,
G02_Y6_005_036,,1,,bad splice
G15_Y6_091_185,,,1,
G15_Y1_DN1_307,,1,,DN1 field error
G15_Y4_216_080,1,,,
G15_Y3_014_108,1,,,
G15_Y4_215_241,1,,,
G15_Y4_203_026,1,,,
G15_Y1_AN2_117,1,,,
G02_Y4_031_080,1,,,
G15_Y2_012_028,1,,,
G15_Y1_DN1_317,,1,,DN1 field error
G15_Y4_236_384,,1,,
G15_Y4_209_015,,,1,
G15_Y3_031_038,,,1,
G15_Y3_010_353,1,,,
G15_Y2_016_016,,,1,
G02_Y3_015_273,1,,,
G15_Y3_035_067,,1,,bad splice
G15_Y2_015_354,1,,,
G12_Y1_BS1_055,1,,,
G02_Y4_028_271,1,,,
G02_Y3_003_371,1,,,
G15_Y3_006_279,,,1,
G15_Y4_236_394,,1,,
G02_Y4_045_120,1,,,
G02_Y4_028_241,1,,,
G02_Y4_025_353,1,,,
G15_Y2_020_345,1,,,
G12_Y5_021_172,,,1,
G02_Y4_044_165,1,,,
G15_Y1_DN1_292,,1,,DN1 field error
G15_Y4_236_389,,1,,
G12_Y1_HS2_345,1,,,
G15_Y3_010_026,1,,,
G15_Y4_237_367,,1,,
G02_Y5_091_394,,,1,
G15_Y4_237_370,,1,,
G15_Y3_052_387,1,,,
G15_Y1_DN1_305,,,1,DN1 field error
G15_Y4_207_161,1,,,
G15_Y4_225_345,1,,,
G09_Y4_208_393,1,,,
G15_Y1_GS2_117,1,,,
G15_Y4_205_104,1,,,
G02_Y4_038_233,,1,,bad splice
G15_Y4_236_371,,1,,
G12_Y1_FS1_080,1,,,
G09_Y1_EN1_055,1,,,
G15_Y1_IS1_276,1,,,
G12_Y4_205_102,1,,,
G15_Y4_237_360,,1,,
G15_Y2_012_023,1,,,
G15_Y2_020_103,1,,,
G12_Y1_ED1_279,1,,,
G02_Y4_039_078,,1,,bad splice
G15_Y4_205_361,1,,,
G15_Y4_223_395,1,,,
G15_Y4_204_242,,1,,bad splice
G15_Y2_009_342,1,,,
G12_Y1_ND1_061,1,,,
G15_Y4_225_353,1,,,
G02_Y4_042_061,1,,,
G15_Y2_002_004,1,,,
G15_Y3_017_120,1,,,
G09_Y1_BN2_060,1,,,
G15_Y3_049_019,,,1,
G15_Y4_236_362,,1,,
G12_Y1_FN1_079,1,,,
G15_Y4_201_287,1,,,
G09_Y1_BS1_040,1,,,
G09_Y2_031_362,1,,,
G15_Y3_042_276,1,,,
G15_Y4_202_161,1,,,
G15_Y4_238_388,,1,,
G02_Y4_034_393,1,,,
G15_Y4_240_101,,,1,
G09_Y1_GX1_007,,,1,
G15_Y6_101_383,,1,,
G02_Y4_032_125,1,,,
G15_Y4_204_040,1,,,
G15_Y1_DN1_285,,1,,DN1 field error
G15_Y4_236_377,,1,,
G15_Y3_021_275,1,,,
G15_Y4_202_317,,,1,
G12_Y1_GS1_036,1,,,
G15_Y4_238_360,,1,,
G02_Y4_038_332,,,1,
G15_Y3_002_169,1,,,
G02_Y3_020_275,1,,,
G02_Y5_088_384,1,,,
G09_Y2_011_361,1,,,
G15_Y1_BX2_345,1,,,
G15_Y6_078_388,,1,,bad splice
G09_Y4_204_161,1,,,
G15_Y2_020_032,,1,,bad splice
G15_Y1_DS1_106,1,,,
G02_Y6_012_019,,1,,bad splice
G15_Y2_022_021,1,,,
G15_Y4_211_009,,1,,bad splice
G15_Y2_022_345,1,,,
G15_Y4_236_360,,1,,
G15_Y2_015_117,1,,,
G15_Y3_029_103,1,,,
G02_Y4_043_369,,1,,bad splice
G15_Y1_DN1_331,,1,,DN1 field error
G15_Y1_BN2_023,1,,,
G15_Y4_238_386,,1,,
G09_Y1_EN1_161,1,,,
G02_Y4_025_211,1,,,
G02_Y4_028_211,1,,,
G15_Y4_237_395,,1,,
G15_Y3_012_011,,1,,bad splice
G15_Y4_203_104,1,,,
G15_Y3_014_115,1,,,
G15_Y3_015_056,,1,,bad splice
G02_Y4_033_219,,1,,bad splice
G15_Y4_211_037,,1,,bad splice
G15_Y2_014_020,,1,,bad splice
G15_Y1_DS2_044,,1,,bad splice
G02_Y5_116_374,,1,,bad splice
G15_Y1_AN2_124,1,,,
G15_Y6_076_380,,,1,
G15_Y3_008_108,1,,,
G15_Y6_101_371,,1,,
G15_Y4_203_366,1,,,
G15_Y4_205_281,1,,,
G09_Y4_238_353,1,,,
G15_Y3_011_112,1,,,
G15_Y4_204_308,1,,,
G15_Y2_012_116,1,,,
G15_Y4_237_378,,1,,
G15_Y6_090_390,,1,,bad splice
G15_Y3_029_369,,,1,
G15_Y3_014_110,1,,,
G15_Y4_236_357,,1,,
G02_Y3_005_342,1,,,
G09_Y1_BS2_245,,1,,bad splice
G02_Y4_028_279,1,,,
G15_Y4_236_369,,1,,
G15_Y2_009_394,,1,,bad splice
G15_Y4_204_035,,1,,bad splice
G15_Y5_024_040,1,,,
G02_Y5_106_381,,1,,bad splice
G15_Y4_202_248,1,,,
G09_Y4_225_055,1,,,
G15_Y4_238_389,,1,,
G15_Y2_015_103,1,,,
G15_Y4_238_362,,1,,
G15_Y3_052_174,,,1,
G15_Y2_018_369,,,1,
G02_Y4_039_010,,1,,bad splice
G12_Y1_CS1_122,1,,,
G15_Y3_021_360,1,,,
G15_Y2_011_269,1,,,
G15_Y4_236_388,,1,,
G15_Y1_AN1_387,1,,,
G15_Y4_238_377,,1,,
G15_Y6_101_381,,1,,
G15_Y4_203_243,1,,,
G15_Y2_006_174,,,1,
G15_Y4_236_380,,1,,
G15_Y1_FN1_116,1,,,
G15_Y5_012_241,1,,,
G15_Y2_009_345,1,,,
G15_Y6_074_331,,1,,bad splice
G12_Y6_056_080,,1,,bad splice
G15_Y1_DS2_080,,1,,bad splice
G15_Y5_012_365,1,,,
G15_Y2_009_028,1,,,
G09_Y1_GN1_341,1,,,
G15_Y6_097_047,,1,,bad splice
G15_Y2_020_110,1,,,
G15_Y1_DS2_060,,1,,bad splice
G15_Y6_101_374,,1,,
G02_Y3_015_190,,1,,
G15_Y1_DN1_116,,1,,DN1 field error
G15_Y4_221_348,1,,,
G09_Y5_020_060,1,,,
G15_Y2_023_162,,,1,
G15_Y1_DN1_273,,1,,DN1 field error
G15_Y1_DN1_324,,1,,DN1 field error
G02_Y6_015_094,,1,,bad splice
G02_Y5_059_125,,,1,
G15_Y6_093_391,,1,,
G15_Y3_011_080,1,,,
G15_Y4_203_024,,1,,
G15_Y2_013_025,,1,,
G15_Y2_016_060,1,,,
G02_Y6_006_392,,1,,bad splice
G15_Y4_236_367,,1,,
G02_Y4_044_061,1,,,
G02_Y4_035_128,,,1,
G15_Y4_204_023,,1,,bad splice
G15_Y3_029_156,,1,,bad splice
G02_Y4_032_102,,1,,bad splice
G12_Y1_CN1_056,1,,,
G15_Y3_002_057,,1,,bad splice
G15_Y2_013_107,1,,,
G09_Y1_IN2_260,1,,,
G15_Y6_108_219,1,,,
G15_Y1_GN1_079,1,,,
G15_Y5_029_063,1,,,
G09_Y1_BN2_161,1,,,
G15_Y1_DS2_013,,1,,bad splice
G15_Y5_003_281,1,,,
G15_Y1_FS2_267,1,,,
G15_Y3_017_345,1,,,
G15_Y1_DS2_033,,1,,bad splice
G15_Y6_100_399,,1,,bad splice
G15_Y4_206_341,1,,,
G12_Y1_DN1_397,,1,,DN1 field error
G09_Y1_AS2_120,1,,,
G15_Y3_049_332,1,,,
G15_Y6_100_386,,1,,
G15_Y3_010_342,1,,,
G12_Y4_210_377,,1,,
G12_Y2_024_008,,1,,bad splice
G15_Y1_DN2_362,,1,,
G15_Y3_021_102,1,,,
G09_Y1_IS2_028,1,,,
G15_Y4_213_241,1,,,
G15_Y1_BN2_026,1,,,
G15_Y1_CN1_080,1,,,
G15_Y3_009_387,1,,,
G15_Y3_015_040,1,,,
G12_Y1_FT_087,,1,,bad splice
G02_Y4_041_125,1,,,
G15_Y3_008_198,,1,,
G15_Y4_206_161,1,,,
G15_Y3_009_161,1,,,
G15_Y4_211_060,1,,,
G15_Y6_100_391,1,,,
G15_Y3_012_063,,1,,bad splice
G15_Y2_017_387,,1,,bad splice
G09_Y5_017_055,1,,,
G02_Y5_100_138,,,1,
G12_Y2_011_374,,,1,
G12_Y6_057_366,,1,,bad splice
G15_Y6_102_029,,1,,bad splice
G15_Y4_237_353,,1,,
G02_Y4_043_282,1,,,
G15_Y4_238_315,,1,,bad splice
G15_Y6_095_370,1,,,
G15_Y3_038_339,,1,,bad splice
G02_Y4_042_218,,1,,bad splice
G15_Y6_090_396,,1,,bad splice
G02_Y4_045_278,1,,,
G15_Y1_DN1_279,,1,,DN1 field error
G02_Y6_012_021,,1,,bad splice
G02_Y5_085_138,,1,,bad splice
G15_Y6_098_396,,1,,
G02_Y4_029_235,,1,,bad splice
G15_Y4_236_363,,1,,
G15_Y4_215_043,,1,,bad splice
G15_Y3_046_073,,,1,
G15_Y6_071_375,,1,,bad splice
G15_Y4_215_397,,1,,
G02_Y5_107_068,,1,,bad splice
G15_Y4_205_243,1,,,
G15_Y1_CN1_276,1,,,
G02_Y6_004_045,,1,,bad splice
G15_Y2_010_020,,1,,bad splice
G15_Y3_048_361,,1,,bad splice
G15_Y3_010_367,,1,,bad splice
G15_Y4_215_018,,1,,bad splice
G15_Y1_DS2_043,,1,,bad splice
G15_Y6_097_159,,1,,bad splice
G15_Y3_015_205,,1,,bad splice
G02_Y6_006_371,,1,,bad splice
G15_Y5_061_197,,,1,
G15_Y4_236_252,1,,,
G15_Y5_023_040,,1,,bad splice
G15_Y6_089_006,,1,,bad splice
G02_Y4_044_081,,1,,bad splice
G15_Y1_DS2_015,,1,,bad splice
G02_Y3_006_345,,,1,
G15_Y6_088_033,,1,,bad splice
G15_Y6_088_310,,1,,bad splice
G15_Y2_010_015,,1,,bad splice
G15_Y3_029_108,1,,,
G15_Y2_004_021,,1,,bad splice
G02_Y4_001_055,,1,,bad splice
G15_Y4_238_396,,1,,
G02_Y5_050_005,,1,,bad splice
G15_Y4_204_010,,1,,bad splice
G15_Y2_004_057,,1,,bad splice
G15_Y6_102_001,,1,,bad splice
G15_Y1_DN1_006,,1,,DN1 field error
G02_Y4_041_031,,1,,bad splice
G15_Y5_020_085,,1,,bad splice
G15_Y1_DN1_289,,1,,DN1 field error
G15_Y6_093_393,,1,,
G15_Y6_099_014,,1,,bad splice
G15_Y3_006_241,1,,,
G15_Y2_010_016,,1,,
G15_Y4_211_061,1,,,
G15_Y3_009_096,,1,,bad splice
G15_Y3_028_215,,1,,bad splice
G15_Y6_087_039,,1,,bad splice
G15_Y2_015_275,1,,,
G15_Y4_203_198,,1,,bad splice
G15_Y6_097_355,1,,,
G15_Y3_015_021,,1,,bad splice
G02_Y5_088_354,,1,,bad splice
G12_Y3_045_374,,1,,
G02_Y4_043_204,,1,,bad splice
G15_Y4_204_036,1,,,
G15_Y6_095_096,,1,,bad splice
G02_Y6_005_368,,1,,bad splice
G15_Y2_020_275,1,,,
G02_Y4_042_363,,1,,bad splice
G09_Y2_011_127,1,,,
G15_Y6_094_382,,1,,bad splice
G15_Y3_012_073,,1,,bad splice
G12_Y6_060_075,,1,,bad splice
G15_Y2_009_393,,1,,bad splice
G15_Y3_050_315,,,1,
G15_Y4_206_020,,1,,bad splice
G15_Y6_102_116,,1,,bad splice
G15_Y3_015_099,,1,,bad splice
G15_Y6_094_367,,1,,bad splice
G02_Y3_006_160,,,1,
G09_Y3_007_102,1,,,
G15_Y3_042_385,1,,,
G15_Y4_203_012,,1,,bad splice
G15_Y6_093_361,,1,,
G15_Y1_DS2_079,,1,,
G15_Y4_211_055,,1,,bad splice
G02_Y4_039_157,,1,,bad splice
G02_Y5_107_016,,1,,bad splice
G15_Y2_010_024,,1,,bad splice
G15_Y6_101_382,,1,,
G15_Y2_014_076,,1,,bad splice
G15_Y6_082_012,,1,,bad splice
G15_Y6_088_380,,1,,
G09_Y4_227_383,,1,,red missing
G15_Y4_209_054,1,,,
G15_Y6_088_289,,1,,
G15_Y4_230_004,,1,,
G15_Y6_094_366,,1,,bad splice
G12_Y1_AN1_056,1,,,
G15_Y3_003_026,1,,,
G02_Y5_094_238,,1,,bad splice
G15_Y6_088_090,,1,,bad splice
G15_Y2_014_003,,1,,bad splice
G15_Y4_204_055,1,,,
G02_Y3_015_010,,1,,bad splice
G15_Y6_082_051,,1,,
G15_Y2_013_053,,1,,bad splice
G15_Y2_010_011,,1,,bad splice
G15_Y4_209_169,1,,,
G15_Y3_022_227,,1,,bad splice
G15_Y2_005_382,,1,,bad splice
G15_Y2_009_042,,1,,
G15_Y6_092_088,,1,,
G15_Y5_030_241,1,,,
G15_Y6_074_325,,1,,bad splice
G15_Y4_207_153,,1,,bad splice
G15_Y4_207_005,,1,,
G15_Y3_048_233,,,1,
G15_Y5_007_078,,1,,bad splice
G15_Y5_010_361,,1,,bad splice
G12_Y6_058_008,,1,,
G15_Y6_092_068,,1,,
G15_Y3_015_023,,1,,bad splice
G12_Y3_019_047,1,,,
G15_Y2_009_389,,1,,bad splice
G15_Y2_014_059,,1,,bad splice
G15_Y3_010_275,1,,,
G12_Y1_CS2_071,1,,,
G15_Y4_204_129,1,,,
G15_Y6_097_185,,1,,
G15_Y4_230_012,,1,,bad splice
G15_Y6_099_379,,1,,
G15_Y6_092_070,,1,,
G15_Y1_DN1_326,,1,,DN1 field error
G15_Y3_028_355,,1,,bad splice
G15_Y2_007_028,1,,,
G15_Y5_020_067,,1,,bad splice
G15_Y6_093_381,,1,,
G09_Y4_225_017,,,1,
G15_Y6_099_029,,1,,bad splice
G09_Y4_228_009,,1,,bad splice
G15_Y6_096_331,,1,,
G09_Y3_015_369,,1,,bad splice
G02_Y5_077_365,,1,,bad splice
G15_Y3_039_037,,1,,bad splice
G09_Y6_090_389,,1,,
G15_Y6_088_355,,1,,bad splice
G15_Y2_011_017,,1,,bad splice
G02_Y4_043_366,,1,,
G09_Y4_222_368,,1,,
G15_Y2_009_094,,1,,
G09_Y1_CN1_108,1,,,
G12_Y1_IS2_120,1,,,
G02_Y4_032_161,1,,,
G12_Y2_011_049,1,,,
G15_Y1_CX1_378,1,,,
G15_Y3_032_064,,1,,bad splice
G02_Y5_115_111,,1,,bad splice
G02_Y5_111_002,,1,,bad splice
G09_Y1_ES1_341,1,,,
G15_Y3_043_009,,1,,bad splice
G15_Y4_244_057,,1,,bad splice
G02_Y4_042_272,,1,,bad splice
G15_Y6_075_022,,1,,bad splice
G15_Y3_047_381,1,,,
G02_Y4_027_060,1,,,
G12_Y1_FN1_106,1,,,
G15_Y4_207_226,,1,,
G15_Y4_213_345,1,,,
G12_Y5_015_043,,1,,bad splice
G15_Y3_031_013,,1,,bad splice
G12_Y6_073_014,,1,,bad splice
G15_Y3_021_120,1,,,
G15_Y5_022_364,,1,,bad splice
G02_Y4_043_396,1,,,
G15_Y3_023_005,,1,,bad splice
G15_Y5_007_002,,1,,bad splice
G15_Y3_006_082,1,,,
G15_Y1_IS1_120,1,,,
G02_Y3_006_262,,,1,
G15_Y4_217_006,,1,,bad splice
G15_Y3_029_345,1,,,
G02_Y5_104_007,,1,,bad splice
G15_Y4_201_384,1,,,
G15_Y2_009_382,,1,,bad splice
G15_Y6_097_395,1,,,
G09_Y4_210_345,1,,,
G15_Y4_232_107,1,,,
G12_Y6_054_018,,1,,bad splice
G15_Y3_049_064,,1,,bad splice
G15_Y6_088_028,,1,,bad splice
G15_Y6_077_001,,1,,bad splice
G15_Y6_096_328,,1,,bad splice
G15_Y3_042_040,,1,,bad splice
G15_Y6_087_042,,1,,bad splice
G15_Y6_075_081,,1,,bad splice
G09_Y1_IN2_116,1,,,
G15_Y2_007_059,,1,,bad splice
G15_Y2_009_375,,1,,bad splice
G12_Y1_IS1_267,1,,,
G15_Y4_243_289,,1,,
G02_Y4_025_395,1,,,
G15_Y1_HS2_090,,1,,bad splice
G02_Y4_036_318,,1,,bad splice
G15_Y4_211_069,,1,,
G15_Y1_CX1_097,1,,,
G15_Y3_011_276,,1,,bad splice
G15_Y5_030_075,,1,,bad splice
G15_Y6_077_086,,1,,bad splice
G15_Y2_012_214,,1,,
G15_Y3_031_027,,1,,bad splice
G15_Y1_GN1_039,,,1,
G15_Y5_022_036,1,,,
G15_Y4_219_137,,1,,bad splice
G15_Y6_085_316,,1,,bad splice
G02_Y4_033_375,,1,,bad splice
G02_Y4_025_241,1,,,
G02_Y3_004_395,1,,,
G15_Y6_077_223,,1,,bad splice
G02_Y5_080_020,,1,,bad splice
G15_Y4_237_373,,1,,
G15_Y6_102_076,,1,,bad splice
G02_Y5_082_383,,1,,bad splice
G12_Y2_030_399,,1,,bad splice
G02_Y5_107_092,,1,,bad splice
G02_Y3_016_291,,,1,
G15_Y5_002_005,,1,,bad splice
G15_Y2_022_040,,1,,bad splice
G02_Y6_013_067,,1,,bad splice
G15_Y3_023_015,,1,,
G09_Y4_202_118,1,,,
G15_Y4_238_224,,1,,bad splice
G12_Y1_DN1_071,1,,,
G15_Y6_084_012,,1,,bad splice
G12_Y4_211_026,1,,,
G15_Y3_010_382,,1,,bad splice
G02_Y4_034_086,1,,,
G02_Y4_036_310,,1,,bad splice
G15_Y3_028_256,1,,,
G15_Y2_006_078,,1,,
G15_Y3_008_007,,1,,bad splice
G02_Y4_026_110,1,,,
G15_Y1_AN2_077,1,,,
G15_Y3_008_117,1,,,
G02_Y6_015_184,1,,,
G09_Y4_217_244,1,,,
G02_Y4_036_378,,1,,bad splice
G02_Y6_007_016,,1,,bad splice
G15_Y4_237_394,,1,,
G02_Y5_078_368,,1,,
G15_Y3_051_309,,1,,
G15_Y4_205_164,,1,,
G15_Y1_FS1_007,,,1,
G12_Y6_081_358,1,,,
G15_Y6_077_034,,1,,bad splice
G15_Y5_003_038,,1,,bad splice
G02_Y5_111_096,,1,,
G12_Y2_011_353,1,,,
G02_Y4_041_120,,,1,
G15_Y1_CX2_116,1,,,
G02_Y5_114_387,,1,,bad splice
G15_Y3_015_102,,1,,
G15_Y2_013_048,,1,,bad splice
G15_Y2_014_120,1,,,
G02_Y5_115_001,,1,,
G12_Y6_058_391,,1,,
G15_Y6_092_112,,1,,bad splice
G02_Y4_027_040,1,,,
G02_Y3_015_247,1,,,
G15_Y6_096_371,,1,,bad splice
G15_Y4_206_031,,1,,bad splice
G15_Y6_097_375,,1,,
G02_Y6_006_011,,1,,bad splice
G15_Y3_008_005,,1,,bad splice
G02_Y6_007_008,,1,,bad splice
G02_Y6_005_009,,1,,bad splice
G15_Y6_104_012,,1,,bad splice
G15_Y6_091_381,1,,,
G15_Y4_238_239,,1,,bad splice
G15_Y6_074_340,,1,,bad splice
G09_Y6_090_020,,1,,bad splice
G15_Y3_028_325,,1,,bad splice
G02_Y6_006_393,,1,,bad splice
G02_Y5_088_323,,1,,bad splice
G15_Y5_060_025,,1,,bad splice
G02_Y4_042_171,,1,,
G15_Y2_017_274,1,,,
G15_Y6_099_372,,1,,
G15_Y6_091_032,,1,,bad splice
G02_Y6_017_370,,1,,bad splice
G02_Y6_006_365,,1,,bad splice
G02_Y5_088_397,,1,,bad splice
G02_Y6_010_355,,1,,bad splice
G15_Y5_003_206,,1,,bad splice
G15_Y1_ES1_064,1,,,
G02_Y4_043_375,,1,,bad splice
G02_Y4_041_232,,1,,bad splice
G15_Y4_203_009,,1,,bad splice
G15_Y6_082_003,,1,,bad splice
G15_Y2_011_032,,1,,bad splice
G15_Y5_003_073,1,,,
G02_Y4_038_125,1,,,
G15_Y6_093_394,,1,,
G02_Y5_107_013,,1,,bad splice
G15_Y1_DS2_066,,1,,bad splice
G15_Y1_DN1_278,,1,,DN1 field error
G12_Y1_GD1_090,,,1,
G02_Y6_014_067,,1,,bad splice
G15_Y2_021_165,1,,,
G02_Y4_038_218,,1,,
G12_Y1_HN1_345,1,,,
G15_Y4_202_169,1,,,
G15_Y1_AN2_111,1,,,
G02_Y5_071_365,,1,,bad splice
G15_Y2_010_067,,1,,bad splice
G15_Y3_042_009,,1,,bad splice
G12_Y5_027_274,1,,,
G15_Y6_097_065,,1,,bad splice
G15_Y5_007_029,,1,,bad splice
G15_Y4_236_305,1,,,
G15_Y1_CX2_032,,1,,
G15_Y1_GX2_209,,1,,
G15_Y6_088_018,,1,,bad splice
G09_Y2_040_302,,1,,
G12_Y6_073_066,,1,,bad splice
G15_Y4_206_079,1,,,
G09_Y1_AN1_378,,,1,
G09_Y1_CN1_233,,,1,
G15_Y4_205_124,1,,,
G12_Y4_210_361,,1,,
G15_Y1_DN1_276,,1,,DN1 field error
G15_Y1_IS2_242,,1,,bad splice
G12_Y4_209_372,,1,,
G15_Y4_202_027,,1,,bad splice
G12_Y2_017_102,1,,,
G15_Y6_101_363,,1,,
G12_Y1_DN1_395,,1,,DN1 field error
G12_Y1_GS2_002,1,,,
G09_Y4_227_222,,1,,bad splice
G12_Y4_209_394,,1,,
G12_Y4_209_357,,1,,
G12_Y1_DN1_389,,1,,DN1 field error
G12_Y6_058_369,,1,,
G09_Y4_218_104,1,,,
G09_Y4_228_393,1,,,
G15_Y2_023_158,1,,,
G15_Y6_097_389,1,,,
G09_Y1_IS1_002,1,,,
G02_Y3_012_286,,,1,
G15_Y1_FN2_148,,,1,
G12_Y4_210_374,,1,,
G15_Y1_DN1_246,,,1,DN1 field error
G09_Y1_IN2_276,1,,,
G09_Y4_206_027,1,,,
G15_Y6_099_383,,1,,
G12_Y4_209_387,,1,,
G15_Y1_ES2_301,,,1,
G09_Y1_CN2_161,1,,,
G02_Y4_029_324,,,1,
G15_Y2_023_366,,,1,
G15_Y1_BS2_216,,,1,
G15_Y4_236_378,,1,,
G12_Y1_HS1_295,,,1,
G09_Y1_IN2_248,1,,,
G09_Y4_227_376,1,,,
G02_Y4_031_039,,,1,
G12_Y4_210_387,,1,,
G02_Y4_033_352,1,,,
G12_Y1_ND6_163,1,,,
G15_Y4_243_345,1,,,
G09_Y1_IN2_080,1,,,
G09_Y4_215_030,1,,,
G09_Y4_228_373,1,,,
G12_Y1_DN1_371,,1,,DN1 field error
G02_Y4_039_040,1,,,
G15_Y1_DN1_286,,1,,DN1 field error
G02_Y3_014_086,1,,,
G02_Y5_053_034,,,1,
G02_Y4_001_357,,,1,
G12_Y6_058_386,,1,,
G09_Y6_100_397,,1,,bad splice
G02_Y4_043_123,,1,,bad splice
G15_Y1_DN1_207,,1,,DN1 field error
G09_Y4_236_001,,1,,bad splice
G15_Y4_238_367,,1,,
G02_Y5_108_210,,,1,
G12_Y1_DN1_382,,1,,DN1 field error
G15_Y1_FN2_175,,1,,bad splice
G12_Y4_210_397,,1,,
G09_Y4_215_378,1,,,
G09_Y2_031_258,1,,,
G12_Y1_DN1_384,,1,,DN1 field error
G15_Y1_DN1_341,,1,,DN1 field error
G09_Y1_GS2_138,1,,,
G15_Y4_203_101,1,,,
G15_Y6_101_349,1,,,
G09_Y1_AX2_247,,,1,
G12_Y1_FS1_279,1,,,
G02_Y4_041_103,,,1,
G09_Y1_IS2_130,1,,,
G15_Y2_003_102,1,,,
G09_Y6_086_360,,1,,
G12_Y1_AN1_381,1,,,
G09_Y1_BN2_138,1,,,
G15_Y1_AN2_130,1,,,
G15_Y4_216_086,1,,,
G15_Y6_099_397,1,,,
G09_Y2_004_023,1,,,
G09_Y1_IS2_362,1,,,
G09_Y4_206_065,1,,,
G09_Y2_004_276,1,,,
G12_Y1_HND1_345,1,,,
G12_Y1_FN1_353,1,,,
G15_Y4_203_286,,1,,bad splice
G15_Y6_097_386,,1,,
G09_Y1_BS2_160,,1,,bad splice
G09_Y1_AN2_061,1,,,
G12_Y6_073_355,1,,,
G15_Y6_089_396,,1,,
G09_Y1_FN2_395,1,,,
G09_Y1_FS2_132,1,,,
G09_Y1_ES1_369,,1,,
G12_Y1_HS2_353,1,,,
G15_Y2_011_381,,1,,
G09_Y2_016_196,,1,,
G09_Y4_215_059,1,,,
G12_Y1_FS1_281,1,,,
G15_Y4_216_362,1,,,
G12_Y1_ES1_279,1,,,
G15_Y4_219_397,1,,,
G15_Y1_DN1_338,,1,,DN1 field error
G09_Y6_093_376,,1,,
G09_Y1_GS2_169,1,,,
G15_Y3_007_135,,1,,
G15_Y4_234_002,,1,,bad splice
G09_Y1_HS2_132,1,,,
G15_Y1_AS1_097,,1,,
G12_Y1_DN1_375,,1,,DN1 field error
G15_Y6_098_387,,1,,
G09_Y1_IS2_111,1,,,
G15_Y6_085_385,,1,,bad splice
G09_Y1_GN2_217,1,,,
G09_Y4_215_173,1,,,
G09_Y1_DN1_138,1,,,
G09_Y4_218_379,1,,,
G12_Y1_ND3_359,1,,,
G15_Y1_GS2_345,1,,,
G09_Y4_201_236,1,,,
G09_Y1_CN1_348,1,,,
G09_Y2_026_077,1,,,
G12_Y1_DN1_394,,1,,DN1 field error
G09_Y2_026_198,,1,,bad splice
G15_Y1_AS2_241,1,,,
G09_Y1_DN1_061,1,,,
G15_Y1_BN2_341,1,,,
G15_Y6_088_319,1,,,
G02_Y4_025_027,1,,,
G09_Y1_AN2_308,1,,,
G02_Y3_018_013,,,1,
G15_Y4_218_387,1,,,
G02_Y3_009_006,,1,,bad splice
G09_Y1_HN2_092,,1,,
G15_Y4_204_102,,,1,
G09_Y1_GN2_365,1,,,
G12_Y1_DX1_398,,1,,
G12_Y6_058_377,,1,,
G12_Y1_DN1_310,,1,,DN1 field error
G15_Y3_037_177,,1,,
G02_Y3_006_018,,1,,
G02_Y3_015_102,1,,,
G09_Y1_FS1_356,1,,,
G12_Y4_205_241,1,,,
G02_Y6_008_036,,1,,bad splice
G12_Y3_029_285,,1,,
G02_Y6_008_037,,1,,
G02_Y3_019_222,,1,,
G12_Y1_FS2_136,1,,,
G12_Y1_BS1_107,1,,,
G15_Y2_009_322,,1,,bad splice
G12_Y4_202_212,1,,,
G09_Y4_225_372,1,,,
G09_Y4_212_077,1,,,
G02_Y4_041_017,,1,,
G12_Y1_CX1_111,1,,,
G15_Y6_100_385,,1,,
G15_Y2_017_110,1,,,
G12_Y1_ND1_040,1,,,
G12_Y5_004_009,,1,,
G12_Y1_HN1_341,1,,,
G15_Y3_037_246,,1,,
G02_Y3_009_351,,1,,
G12_Y2_013_119,1,,,
G12_Y1_DN1_369,,1,,DN1 field error
G15_Y2_014_035,,1,,bad splice
G15_Y2_023_231,,1,,
G02_Y5_089_390,,1,,bad splice
G12_Y1_BN1_348,1,,,
G12_Y1_FS1_345,1,,,
G12_Y1_BS2_003,1,,,
G12_Y6_073_367,,1,,
G02_Y4_040_108,1,,,
G15_Y5_032_010,,,1,
G15_Y6_101_367,,1,,
G12_Y1_ND1_163,1,,,
G15_Y6_095_156,,,1,
G09_Y1_HS2_090,,,1,
G15_Y4_215_319,1,,,
G02_Y3_019_275,,1,,bad splice
G12_Y1_HS2_026,1,,,
G12_Y1_BS2_080,1,,,
G12_Y1_ND1_168,1,,,
G09_Y4_220_006,1,,,
G15_Y3_013_368,,1,,bad splice
G15_Y2_009_091,,1,,
G02_Y4_035_158,1,,,
G12_Y1_DN1_004,,1,,DN1 field error
G15_Y4_220_169,1,,,
G02_Y4_038_325,,,1,
G15_Y2_010_162,,1,,bad splice
G02_Y4_040_108,1,,,
G15_Y5_032_010,,,1,
G15_Y6_101_367,,1,,
G15_Y5_003_304,1,,,
G15_Y3_029_356,1,,,
G02_Y6_009_303,,,1,
G15_Y5_024_363,,,1,
G15_Y3_049_162,,,1,
G02_Y3_019_002,,1,,bad splice
G12_Y1_CX1_330,,,1,
G12_Y6_073_008,,1,,
G15_Y5_003_351,,1,,
G15_Y3_008_372,,1,,
G15_Y4_236_347,1,,,
G15_Y4_237_398,,1,,
G15_Y6_101_399,,1,,
G02_Y3_006_060,1,,,
G02_Y4_028_076,1,,,
G15_Y3_022_003,,1,,bad splice
G15_Y4_238_394,,1,,
G15_Y4_238_342,,1,,
G02_Y3_012_275,1,,,
G15_Y6_101_372,,1,,
G15_Y1_DN1_253,,1,,DN1 field error
G02_Y5_071_096,,,1,
G09_Y2_015_018,,,1,
G15_Y4_205_040,1,,,
G02_Y4_045_353,1,,,
G09_Y1_GS2_165,1,,,
G15_Y6_099_399,,1,,
G12_Y1_FN1_233,,1,,
G02_Y4_001_064,1,,,
G15_Y1_BX2_332,,,1,
G15_Y2_009_003,,1,,
G15_Y2_014_381,,1,,
G15_Y4_201_378,1,,,
G02_Y5_101_383,,1,,
G02_Y5_056_283,,,1,
G15_Y4_237_372,,1,,
G15_Y4_205_020,,1,,
G15_Y4_237_381,,1,,
G02_Y4_031_076,1,,,
G15_Y5_024_037,1,,,
G15_Y6_097_390,,1,,
G15_Y4_237_366,,1,,
G02_Y3_013_163,1,,,
G15_Y3_004_381,1,,,
G02_Y4_040_060,1,,,
G09_Y4_228_040,1,,,
G15_Y3_046_009,,1,,bad splice
G15_Y4_236_308,1,,,
G15_Y6_074_024,,1,,bad splice
G15_Y4_237_359,,1,,
G15_Y6_071_020,,1,,
G15_Y6_099_359,,1,,
G15_Y4_237_346,,1,,
G09_Y1_HS1_354,1,,,
G15_Y6_088_057,,1,,
G12_Y5_033_013,,,1,
G15_Y6_101_369,,1,,
G15_Y4_236_319,1,,,
G02_Y3_006_023,,,1,
G12_Y6_080_028,,1,,
G02_Y5_091_364,,1,,
G09_Y4_238_271,1,,,
G02_Y5_094_007,,1,,bad splice
G12_Y1_GN1_354,1,,,
G15_Y4_237_376,,1,,
G15_Y1_AN1_364,,1,,
G15_Y4_238_003,,1,,
G02_Y5_058_002,,,1,
G09_Y1_CN1_233,,,1,
G09_Y4_257_076,1,,,
G02_Y3_006_085,,,1,
G02_Y4_033_385,1,,,
G15_Y2_005_008,1,,,
G02_Y4_028_113,,1,,
G15_Y5_025_113,1,,,
G15_Y4_236_348,1,,,
G09_Y6_086_382,,1,,
G09_Y1_AN1_378,,,1,
G09_Y2_011_348,1,,,
G15_Y4_238_380,,1,,
G09_Y4_227_396,,1,,
G15_Y2_020_149,,1,,
G15_Y6_082_141,,,1,
G15_Y2_009_024,,1,,
G02_Y6_005_367,1,,,
G09_Y6_093_049,,1,,
G15_Y6_082_380,,1,,
G15_Y4_233_383,,,1,
G15_Y4_235_375,,1,,
G02_Y4_037_076,1,,,
G15_Y6_095_324,,1,,
G15_Y4_237_369,,1,,
G02_Y4_043_124,,1,,
G15_Y4_236_311,1,,,
G15_Y6_082_307,1,,,
G15_Y6_101_373,,1,,
G15_Y2_014_275,1,,,
G02_Y6_008_004,,1,,bad splice
G02_Y4_032_395,1,,,
G02_Y4_026_079,,1,,
G15_Y4_236_307,1,,,
G15_Y6_101_238,,1,,
G02_Y5_107_270,,,1,
G15_Y4_231_092,,1,,
G15_Y4_231_099,,1,,
G15_Y6_101_351,,1,,
G02_Y4_026_126,,,1,
G15_Y4_244_385,,1,,
G15_Y4_237_380,,1,,
G02_Y3_013_385,,,1,
G15_Y6_101_380,,1,,
G09_Y6_090_015,,1,,
G02_Y4_043_133,,1,,bad splice
G02_Y4_040_136,,1,,bad splice
G15_Y6_097_367,,1,,
G12_Y4_210_355,,1,,
G09_Y4_246_157,,1,,
G12_Y3_013_139,,,1,
G09_Y4_207_395,,,1,
G15_Y4_226_035,,1,,
G15_Y3_009_272,,1,,bad splice
G15_Y4_230_394,,1,,
G15_Y3_040_020,,1,,
G15_Y2_022_108,1,,,
G02_Y3_020_086,1,,,
G15_Y6_101_303,1,,,
G09_Y2_040_168,1,,,
G15_Y4_216_349,,1,,
G02_Y6_008_007,,1,,
G15_Y1_DN1_288,,1,,DN1 field error
G15_Y2_009_021,1,,,
G02_Y3_015_283,,1,,
G15_Y4_236_310,1,,,
G15_Y1_BS2_216,,,1,
G02_Y4_029_158,,1,,
G02_Y4_043_156,,1,,bad splice
G09_Y6_086_377,,1,,
G15_Y2_017_119,1,,,
G15_Y6_094_134,,,1,
G02_Y6_007_211,,,1,
G09_Y2_023_191,,,1,
G12_Y1_DN1_341,1,,,
G15_Y4_235_397,1,,,
G02_Y5_057_009,,,1,
G02_Y3_013_052,1,,,
G02_Y4_043_259,,1,,
G15_Y2_021_161,1,,,
G02_Y4_025_003,,,1,
G09_Y1_IS2_395,1,,,
G15_Y3_003_342,,,1,
G02_Y4_045_131,,1,,
G15_Y6_097_374,,1,,
G15_Y4_237_379,,1,,
G02_Y5_087_071,,1,,
G02_Y4_039_043,,1,,
G12_Y6_073_380,,1,,
G15_Y6_098_392,,1,,
G02_Y5_084_324,,,1,
G15_Y2_014_212,1,,,
G15_Y1_AN2_030,1,,,
G15_Y1_HN2_044,,1,,bad splice
G15_Y6_093_396,,1,,
G15_Y4_205_037,,1,,bad splice
G02_Y4_040_067,,,1,
G12_Y5_007_161,1,,,
G15_Y2_011_229,,1,,bad splice
G02_Y6_017_178,,1,,bad splice
G15_Y6_074_314,,1,,bad splice
G15_Y3_024_178,,,1,
G15_Y4_236_349,1,,,
G12_Y6_080_038,,1,,bad splice
G15_Y2_023_014,,,1,
G15_Y4_202_381,1,,,
G02_Y5_056_198,,,1,
G09_Y2_031_096,,1,,
G15_Y4_208_387,,1,,bad splice
G15_Y4_237_355,,1,,
G15_Y5_003_034,,1,,bad splice
G02_Y5_077_057,,,1,
G15_Y4_203_274,,1,,
G12_Y1_ES1_120,1,,,
G12_Y4_210_365,,1,,
G02_Y4_026_315,,,1,
G15_Y6_089_392,,1,,
G15_Y1_DN1_230,,1,,
G02_Y4_025_361,1,,,
G15_Y4_216_115,1,,,
G15_Y6_101_376,,1,,
G12_Y4_206_029,,1,,bad splice
G15_Y2_013_344,,1,,bad splice
G15_Y4_238_010,,1,,
G15_Y1_AN1_370,,1,,
G02_Y4_039_325,,,1,
G09_Y5_015_132,,,1,
G02_Y5_116_393,,1,,
G15_Y3_051_244,,1,,bad splice
G15_Y3_024_167,,1,,bad splice
G15_Y6_098_036,1,,,
G02_Y4_001_018,,1,,bad splice
G15_Y1_AN1_286,,1,,bad splice
G02_Y3_012_278,1,,,
G15_Y6_082_287,,1,,
G02_Y6_002_392,,1,,bad splice
G02_Y4_002_161,1,,,
G09_Y4_208_039,,1,,bad splice
G15_Y6_089_391,,1,,
G02_Y5_110_006,,1,,bad splice
G02_Y4_001_068,,1,,
G15_Y1_IN2_280,1,,,
G09_Y1_AN2_359,1,,,
G15_Y3_018_029,,1,,
G12_Y4_210_028,,,1,
G15_Y5_005_359,,1,,
G15_Y6_097_364,1,,,
G02_Y4_040_062,,1,,bad splice
G15_Y4_235_385,1,,,
G15_Y3_022_044,,1,,
G15_Y3_011_119,1,,,
G15_Y6_074_142,,1,,
G09_Y1_AX2_247,,,1,
G15_Y4_236_309,,1,,
G15_Y3_029_396,,1,,
G15_Y6_093_374,,1,,
G15_Y6_093_382,,1,,
G12_Y1_IN1_332,,,1,
G15_Y3_048_340,,1,,bad splice
G09_Y4_206_084,,1,,
G15_Y1_HN2_345,1,,,
G02_Y4_037_155,1,,,
G15_Y3_003_378,1,,,
G15_Y5_003_331,,1,,bad splice
G15_Y4_235_368,1,,,
G15_Y6_101_312,1,,,
G15_Y1_AN1_288,,1,,bad splice
G15_Y2_009_077,,1,,bad splice
G12_Y3_016_090,,,1,
G02_Y5_091_005,,1,,bad splice
G15_Y4_236_303,1,,,
G15_Y3_035_061,,1,,bad splice
G15_Y4_204_376,,,1,
G15_Y3_039_220,,1,,bad splice
G15_Y3_023_283,,1,,
G02_Y4_025_082,1,,,
G12_Y6_057_035,,1,,bad splice
G15_Y3_049_041,,1,,bad splice
G09_Y6_100_379,,1,,bad splice
G15_Y1_AN1_395,1,,,
G12_Y4_211_287,,1,,bad splice
G15_Y1_AN1_011,,1,,bad splice
G02_Y6_005_040,,1,,bad splice
G15_Y6_089_362,,1,,
G09_Y6_086_392,,1,,
G15_Y3_024_053,,1,,
G15_Y2_009_046,,1,,
G02_Y5_088_345,,,1,
G02_Y5_091_363,,1,,
G15_Y3_008_258,1,,,
G15_Y4_234_009,,1,,bad splice
G02_Y4_042_129,1,,,
G15_Y5_022_005,,1,,bad splice
G02_Y5_057_193,,,1,
G15_Y2_009_048,,1,,
G12_Y3_001_381,1,,,
G02_Y5_054_126,,,1,
G12_Y4_204_025,,1,,bad splice
G15_Y6_101_379,,1,,
G02_Y5_088_324,,1,,bad splice
G09_Y1_GN2_369,,1,,bad splice
G15_Y6_090_398,,1,,
G09_Y1_GN2_262,,,1,
G15_Y6_095_375,,1,,
G02_Y3_019_038,,1,,
G02_Y3_007_354,1,,,
G12_Y5_012_018,,1,,bad splice
G09_Y1_FN2_369,,1,,bad splice
G15_Y6_102_385,,1,,
G15_Y2_020_021,1,,,
G02_Y3_016_396,,,1,
G15_Y3_036_374,,1,,
G15_Y2_020_082,,1,,bad splice
G15_Y2_014_396,,,1,
G02_Y4_021_314,,1,,bad splice
G12_Y6_061_009,,1,,
G15_Y2_009_388,,1,,bad splice
G15_Y6_095_015,,1,,bad splice
G12_Y6_056_373,1,,,
G09_Y6_061_382,,1,,bad splice
G15_Y4_235_389,,1,,
G02_Y4_044_017,,1,,bad splice
G15_Y3_015_245,,,1,
G02_Y5_116_367,,1,,bad splice
G02_Y4_041_273,,1,,
G15_Y6_093_392,,1,,
G02_Y6_004_391,,1,,bad splice
G02_Y3_003_103,1,,,
G15_Y3_037_046,,1,,
G09_Y2_002_291,,1,,
G02_Y5_112_184,,,1,
G09_Y1_BS2_216,1,,,
G15_Y6_101_385,,1,,
G12_Y4_211_247,1,,,
G15_Y2_022_115,1,,,
G02_Y5_077_096,,1,,bad splice
G15_Y5_003_079,,1,,
G15_Y5_022_308,1,,,
G15_Y4_236_361,,1,,
G09_Y2_015_014,,1,,bad splice
G15_Y3_004_317,,,1,
G02_Y3_007_010,,1,,
G02_Y3_006_189,,,1,
G02_Y5_077_009,,1,,
G15_Y2_020_119,1,,,
G12_Y2_040_180,,,1,
G15_Y2_013_370,,1,,bad splice
G15_Y5_004_108,1,,,
G15_Y2_001_275,1,,,
G15_Y6_082_396,,1,,bad splice
G15_Y3_013_018,,1,,bad splice
G15_Y5_004_086,1,,,
G15_Y2_015_021,1,,,
G15_Y4_237_363,,1,,
G15_Y6_074_040,,1,,bad splice
G15_Y4_237_062,,1,,
G09_Y4_225_163,1,,,
G15_Y4_235_357,,1,,
G12_Y6_051_008,,1,,bad splice
G15_Y4_206_117,1,,,
G12_Y3_020_040,1,,,
G15_Y3_024_072,,1,,bad splice
G02_Y3_013_319,,,1,
G15_Y6_099_357,1,,,
G15_Y2_006_011,,1,,bad splice
G15_Y2_001_369,,,1,
G15_Y5_062_376,,,1,
G02_Y5_055_117,,,1,
G15_Y4_206_118,1,,,
G15_Y4_209_009,,,1,
G15_Y6_088_020,,1,,bad splice
G15_Y4_237_399,,1,,
G12_Y2_041_390,,1,,bad splice
G15_Y3_031_134,1,,,
G15_Y6_087_224,,1,,
G02_Y5_086_037,,1,,bad splice
G15_Y4_215_026,,1,,bad splice
G12_Y1_FN1_258,1,,,
G15_Y4_205_024,1,,,
G09_Y4_201_388,1,,,
G12_Y1_AS1_007,,1,,
G15_Y3_007_202,,1,,
G15_Y6_101_366,,1,,
G15_Y6_087_025,,1,,bad splice
G02_Y4_035_068,,1,,bad splice
G15_Y6_102_378,,1,,
G15_Y1_DS1_112,1,,,
G15_Y3_026_055,,1,,
G09_Y1_GN2_020,,1,,bad splice
G15_Y6_108_045,,1,,bad splice
G02_Y5_088_372,,1,,bad splice
G02_Y5_101_081,,,1,
G15_Y2_009_338,,1,,
G15_Y5_005_127,,,1,
G12_Y1_HS2_032,,1,,bad splice
G09_Y2_027_169,1,,,
G15_Y4_211_347,,1,,bad splice
G02_Y3_006_097,,,1,
G15_Y1_DN2_120,1,,,
G09_Y1_GN2_280,1,,,
G15_Y6_098_398,,1,,bad splice
G02_Y5_074_069,,1,,bad splice
G12_Y1_DN1_388,,1,,DN1 field error
G02_Y5_085_030,,1,,bad splice
G02_Y4_028_120,1,,,
G15_Y1_GS1_234,,,1,
G15_Y2_009_103,1,,,
G02_Y5_096_048,,1,,bad splice
G02_Y4_037_156,,1,,bad splice
G02_Y6_005_015,,1,,bad splice
G12_Y4_206_366,,1,,
G09_Y5_011_090,,1,,bad splice
G15_Y2_009_062,,1,,
G15_Y4_212_039,,1,,
G15_Y4_237_293,1,,,
G15_Y3_004_270,,,1,
G15_Y4_202_005,,1,,bad splice
G15_Y6_098_388,,1,,
G15_Y3_049_037,,1,,bad splice
G09_Y2_014_194,,1,,
G15_Y3_008_369,,1,,bad splice
G15_Y1_AN1_268,,1,,bad splice
G15_Y5_020_283,1,,,
G02_Y5_080_027,,1,,bad splice
G15_Y3_015_044,,1,,bad splice
G15_Y4_204_033,,1,,
G15_Y1_BS1_341,1,,,
G12_Y5_001_204,1,,,
G15_Y4_226_267,,,1,
G15_Y4_231_024,,1,,bad splice
G09_Y1_BS2_212,1,,,
G15_Y4_233_115,1,,,
G02_Y4_030_157,,,1,
G02_Y3_001_025,,1,,
G09_Y1_GN2_330,,1,,
G15_Y6_093_011,,1,,bad splice
G02_Y5_061_193,,,1,
G15_Y5_003_315,,1,,bad splice
G15_Y3_029_336,,1,,
G15_Y5_020_079,,1,,bad splice
G02_Y5_071_225,,,1,
G02_Y5_050_330,1,,,
G02_Y4_021_325,,,1,
G15_Y2_014_043,,1,,bad splice
G09_Y1_GN2_351,,1,,bad splice
G15_Y4_233_379,1,,,
G15_Y6_097_385,,1,,
G12_Y3_016_018,,1,,bad splice
G12_Y2_009_356,1,,,
G02_Y3_005_014,,1,,
G02_Y4_002_116,1,,,
G15_Y3_007_272,,1,,bad splice
G15_Y2_005_092,,1,,bad splice
G15_Y1_AX1_099,1,,,
G15_Y3_047_016,,1,,bad splice
G02_Y4_031_039,,,1,
G02_Y4_044_075,,1,,bad splice
G02_Y3_006_029,,1,,bad splice
G15_Y4_203_029,,1,,bad splice
G12_Y1_ES2_148,,1,,
G15_Y3_029_042,,1,,bad splice
G15_Y3_013_387,1,,,
G15_Y6_090_028,,1,,bad splice
G02_Y5_061_175,1,,,
G15_Y4_214_192,,1,,
G15_Y4_238_291,1,,,
G15_Y3_023_016,,1,,bad splice
G02_Y5_101_384,,1,,bad splice
G15_Y3_008_016,,1,,bad splice
G02_Y6_007_007,,1,,
G15_Y3_010_277,1,,,
G15_Y5_020_023,,1,,bad splice
G12_Y2_030_013,,1,,bad splice
G15_Y4_202_162,1,,,
G15_Y4_233_019,1,,,
G15_Y6_088_045,,1,,bad splice
G15_Y4_236_314,1,,,
G15_Y2_018_390,,1,,bad splice
G15_Y2_011_058,,1,,bad splice
G15_Y2_013_394,,1,,bad splice
G15_Y6_085_055,,1,,bad splice
G02_Y4_038_036,1,,,
G02_Y6_008_346,,1,,
G15_Y3_011_347,,1,,bad splice
G02_Y3_012_373,,,1,
G15_Y6_081_011,,1,,bad splice
G15_Y6_104_044,,1,,
G15_Y2_022_117,1,,,
G02_Y5_051_283,,,1,
G12_Y1_IN1_276,1,,,
G15_Y6_070_153,,1,,
G02_Y5_116_003,,1,,bad splice
G12_Y5_002_166,,1,,bad splice
G15_Y6_098_312,,1,,
G15_Y4_236_313,1,,,
G15_Y2_020_080,1,,,
G15_Y4_234_396,1,,,
G15_Y3_039_162,,,1,
G02_Y4_035_011,,1,,bad splice
G02_Y4_043_393,1,,,
G15_Y6_098_373,,1,,
G15_Y3_012_029,,1,,bad splice
G09_Y4_228_028,1,,,
G02_Y5_077_397,,1,,bad splice
G09_Y1_IS1_080,1,,,
G02_Y6_006_381,,1,,bad splice
G12_Y5_015_163,1,,,
G15_Y2_009_040,,1,,bad splice
G12_Y5_020_262,,1,,bad splice
G15_Y6_093_327,1,,,
G15_Y4_215_143,1,,,
G15_Y1_AN1_277,,1,,bad splice
G15_Y3_047_020,,1,,bad splice
G02_Y5_094_126,,1,,
G15_Y5_007_085,,1,,bad splice
G02_Y4_043_099,,1,,
G15_Y3_015_011,,1,,bad splice
G12_Y6_056_002,,1,,bad splice
G12_Y4_209_371,,1,,
G02_Y4_032_007,,1,,bad splice
G15_Y4_205_372,1,,,
G09_Y1_GN2_252,,1,,
G02_Y5_115_041,,1,,bad splice
G15_Y2_011_108,1,,,
G09_Y5_010_248,1,,,
G15_Y2_016_004,,,1,
G15_Y1_BX2_313,,1,,bad splice
G15_Y3_029_285,,1,,bad splice
G15_Y4_211_031,,1,,bad splice
G15_Y3_010_390,,1,,bad splice
G02_Y5_101_037,,1,,bad splice
G15_Y6_077_038,,1,,bad splice
G15_Y6_082_026,,1,,bad splice
G02_Y3_009_012,,1,,bad splice
G12_Y4_211_153,,1,,
G02_Y5_106_314,,1,,
G15_Y4_237_016,,1,,
G02_Y5_116_326,,1,,bad splice
G15_Y2_014_205,,1,,
G15_Y3_001_345,1,,,
G15_Y3_006_379,1,,,
G02_Y4_040_366,,1,,bad splice
G15_Y1_IN1_092,,1,,bad splice
G02_Y4_044_082,1,,,
G15_Y3_043_339,,1,,bad splice
G02_Y6_007_006,,1,,bad splice
G15_Y4_205_007,1,,,
G15_Y3_015_165,,1,,bad splice
G09_Y5_050_062,1,,,
G15_Y6_100_372,,1,,
G15_Y5_033_101,1,,,
G15_Y3_043_002,,1,,bad splice
G09_Y4_244_036,1,,,
G02_Y4_029_128,,,1,
G15_Y6_093_284,1,,,
G09_Y2_006_359,1,,,
G09_Y4_210_393,1,,,
G15_Y6_089_251,1,,,
G02_Y3_002_004,,,1,
G02_Y3_013_359,1,,,
G15_Y4_244_103,,1,,bad splice
G09_Y1_CX2_007,,1,,bad splice
G09_Y1_GN2_273,1,,,
G12_Y1_FN1_278,1,,,
G15_Y3_020_318,,1,,bad splice
G02_Y5_078_298,,1,,bad splice
G15_Y1_CX2_156,1,,,
G12_Y5_031_348,1,,,
G15_Y3_015_161,1,,,
G15_Y5_007_007,,1,,bad splice
G02_Y5_096_029,,1,,bad splice
G02_Y5_096_020,,1,,bad splice
G02_Y5_116_377,,1,,bad splice
G02_Y4_043_024,1,,,
G15_Y5_035_065,,1,,
G09_Y1_ES1_106,1,,,
G15_Y4_237_298,1,,,
G15_Y6_075_038,,1,,bad splice
G02_Y6_008_033,,1,,bad splice
G15_Y1_CX1_019,,1,,bad splice
G15_Y2_012_016,,1,,bad splice
G02_Y4_001_196,1,,,
G15_Y6_075_324,,1,,bad splice
G15_Y3_011_338,,1,,bad splice
G02_Y4_037_278,1,,,
G02_Y6_006_382,,1,,bad splice
G09_Y4_219_315,,1,,
G12_Y1_GS2_116,1,,,
G12_Y1_ED1_345,1,,,
G15_Y2_015_063,,1,,bad splice
G09_Y1_test_274,1,,,
G02_Y5_060_012,,1,,bad splice
G02_Y5_082_312,1,,,
G02_Y5_059_052,,,1,
G15_Y6_070_081,,1,,bad splice
G15_Y2_009_361,,1,,bad splice
G02_Y3_012_284,,1,,bad splice
G15_Y4_233_009,,1,,bad splice
G09_Y1_GN2_329,1,,,
G15_Y3_014_112,1,,,
G15_Y2_007_110,1,,,
G15_Y6_092_030,,1,,bad splice
G02_Y5_055_361,,,1,
G15_Y5_006_031,,1,,bad splice
G02_Y5_056_325,,,1,
G15_Y3_024_132,1,,,
G02_Y5_071_361,,1,,bad splice
G02_Y5_116_006,,1,,bad splice
G09_Y1_IN1_385,1,,,
G15_Y6_073_243,,1,,bad splice
G12_Y5_011_025,,1,,bad splice
G09_Y2_026_204,1,,,
G15_Y3_038_341,1,,,
G02_Y5_061_137,,,1,
G15_Y6_087_279,1,,,
G02_Y5_080_047,,1,,bad splice
G15_Y6_092_054,,1,,bad splice
G02_Y5_053_034,,,1,
G02_Y5_071_269,,,1,
G15_Y6_099_358,1,,,
G12_Y1_CX2_376,,1,,bad splice
G15_Y3_048_237,,1,,
G15_Y6_071_058,,1,,
G12_Y1_FT_005,,1,,bad splice
G15_Y6_100_375,,1,,
G09_Y4_226_029,,1,,bad splice
G02_Y6_006_396,,1,,bad splice
G15_Y6_097_062,,1,,bad splice
G15_Y4_236_336,1,,,
G15_Y1_IN2_093,1,,,
G02_Y5_058_024,,1,,bad splice
G02_Y4_039_314,,1,,bad splice
G15_Y3_041_317,,,1,
G15_Y4_212_076,1,,,
G02_Y5_056_399,,,1,
G09_Y2_040_326,,1,,bad splice
G15_Y2_020_055,1,,,
G15_Y3_010_306,,1,,bad splice
G09_Y6_100_035,,1,,bad splice
G15_Y3_034_072,1,,,
G12_Y5_034_026,,1,,
G15_Y2_010_292,,1,,bad splice
G15_Y3_039_204,,1,,bad splice
G02_Y5_112_022,,1,,bad splice
G02_Y5_115_391,1,,,
G02_Y6_004_034,,1,,bad splice
G02_Y5_116_324,,1,,bad splice
G15_Y6_097_340,,1,,bad splice
G15_Y2_009_376,,1,,bad splice
G15_Y6_074_329,,1,,bad splice
G15_Y3_030_383,,1,,bad splice
G15_Y4_205_027,1,,,
G15_Y1_HN1_381,1,,,
G02_Y5_092_039,,1,,bad splice
G12_Y1_DS2_332,,,1,
G15_Y1_DS2_071,,1,,bad splice
G15_Y3_015_052,,1,,bad splice
G15_Y3_009_005,,1,,bad splice
G02_Y5_089_247,,1,,
G02_Y5_071_384,,1,,bad splice
G15_Y3_040_349,,1,,bad splice
G15_Y6_101_346,,1,,
G15_Y3_002_055,,1,,bad splice
G02_Y3_006_020,,1,,bad splice
G15_Y5_005_034,,1,,bad splice
G02_Y4_028_361,1,,,
G02_Y5_060_365,,1,,
G02_Y4_035_093,,1,,bad splice
G02_Y4_001_274,,1,,bad splice
G02_Y5_082_359,,1,,bad splice
G15_Y3_022_331,,1,,bad splice
G12_Y1_AN1_290,,1,,bad splice
G15_Y2_014_175,,1,,
G02_Y3_005_193,,1,,
G02_Y3_014_025,,,1,
G15_Y5_012_233,,,1,
G15_Y1_DN1_247,,1,,DN1 field error
G15_Y6_070_007,,1,,bad splice
G12_Y1_IN1_076,1,,,
G15_Y2_022_072,,1,,bad splice
G12_Y3_047_392,,1,,bad splice
G12_Y5_009_359,,1,,bad splice
G02_Y4_041_080,1,,,
G15_Y2_009_396,,1,,bad splice
G15_Y4_214_053,1,,,
G15_Y6_101_370,,1,,
G02_Y6_002_380,,1,,bad splice
G15_Y4_235_393,,1,,
G15_Y6_099_374,,1,,
G15_Y3_030_385,1,,,
G02_Y5_080_358,,1,,bad splice
G15_Y6_077_005,,1,,bad splice
G15_Y2_009_390,,1,,bad splice
G15_Y1_DN1_110,,1,,DN1 field error
G15_Y6_093_039,,1,,bad splice
G15_Y5_007_019,,1,,bad splice
G15_Y3_028_356,,1,,bad splice
G02_Y6_009_275,,1,,bad splice
G15_Y6_090_382,,1,,bad splice
G15_Y3_049_001,,1,,
G02_Y3_001_374,,1,,bad splice
G15_Y6_082_397,,1,,bad splice
G15_Y6_101_388,,1,,
G02_Y4_036_024,,1,,bad splice
G15_Y6_094_343,,1,,bad splice
G15_Y5_033_362,1,,,
G02_Y4_044_132,1,,,
G02_Y4_040_256,1,,,
G15_Y5_022_367,,1,,bad splice
G15_Y6_085_046,,1,,
G15_Y6_089_358,1,,,
G15_Y6_082_019,,1,,bad splice
G02_Y4_039_136,,1,,
G02_Y4_043_018,,1,,
G15_Y6_105_029,,1,,bad splice
G09_Y1_DS1_056,1,,,
G12_Y1_DN1_351,,1,,DN1 field error
G15_Y3_031_012,,1,,bad splice
G15_Y5_063_368,1,,,
G15_Y3_009_068,,1,,bad splice
G02_Y4_043_349,,1,,bad splice
G15_Y3_049_159,,1,,bad splice
G15_Y4_238_393,,1,,
G15_Y3_033_395,1,,,
G02_Y5_111_018,,1,,bad splice
G02_Y4_043_012,,1,,
G02_Y4_033_326,,1,,bad splice
G15_Y4_212_046,1,,,
G15_Y1_DN1_255,,1,,DN1 field error
G09_Y6_061_389,,1,,bad splice
G15_Y3_048_098,1,,,
G09_Y3_002_086,1,,,
G15_Y4_229_387,,1,,
G15_Y2_010_033,,1,,bad splice
G02_Y5_056_014,,1,,bad splice
G02_Y5_084_006,,1,,bad splice
G12_Y2_041_119,1,,,
G12_Y1_CS1_007,,,1,
G15_Y4_211_252,1,,,
G15_Y3_011_391,,1,,
G15_Y6_087_381,1,,,
G15_Y6_085_374,,1,,bad splice
G02_Y5_091_345,,,1,
G15_Y3_015_034,,1,,bad splice
G02_Y5_114_374,,1,,bad splice
G15_Y4_235_365,,1,,
G02_Y6_004_043,,1,,bad splice
G02_Y3_001_262,1,,,
G15_Y6_101_070,,1,,bad splice
G02_Y6_006_005,,1,,bad splice
G02_Y5_091_393,1,,,
G15_Y4_216_101,1,,,
G15_Y4_238_180,,,1,
G02_Y6_014_063,,1,,bad splice
G02_Y3_012_397,1,,,
G09_Y4_203_153,1,,,
G15_Y6_070_017,,1,,bad splice
G02_Y4_026_352,1,,,
G15_Y4_235_378,,1,,
G15_Y2_013_390,,1,,bad splice
G12_Y5_020_296,,1,,bad splice
G15_Y2_014_063,,1,,bad splice
G02_Y3_009_361,1,,,
G09_Y1_FX1_136,1,,,
G15_Y4_203_031,,1,,bad splice
G12_Y2_026_026,1,,,
G15_Y3_022_366,,1,,bad splice
G09_Y6_080_396,,1,,
G15_Y1_HS2_129,,1,,bad splice
G15_Y5_009_275,1,,,
G12_Y5_010_217,,1,,bad splice
G15_Y6_087_014,,1,,bad splice
G15_Y4_230_389,,1,,
G15_Y4_223_040,1,,,
G02_Y3_003_032,,1,,bad splice
G02_Y5_082_388,,,1,
G15_Y1_AN1_287,,1,,bad splice
G15_Y6_099_078,,1,,bad splice
G12_Y3_028_218,,1,,
G02_Y5_088_385,,1,,bad splice
G15_Y4_206_017,,1,,bad splice
G15_Y4_229_074,1,,,
G15_Y3_031_191,,1,,bad splice
G15_Y2_011_070,,1,,bad splice
G15_Y4_204_060,1,,,
G15_Y6_088_027,,1,,bad splice
G15_Y4_235_383,,1,,
G09_Y4_256_274,1,,,
G15_Y5_003_099,1,,,
G02_Y4_040_011,,1,,bad splice
G15_Y3_039_298,,1,,bad splice
G02_Y4_043_181,,1,,bad splice
G15_Y3_030_225,,1,,bad splice
G02_Y4_035_066,,1,,bad splice
G09_Y3_022_161,1,,,
G15_Y3_006_367,1,,,
G15_Y2_020_018,,1,,bad splice
G12_Y5_015_308,1,,,
G15_Y6_088_087,,1,,bad splice
G02_Y4_042_024,1,,,
G15_Y5_005_252,1,,,
G02_Y4_043_058,,1,,bad splice
G15_Y2_009_198,,1,,bad splice
G15_Y6_096_335,,1,,bad splice
G15_Y6_101_343,1,,,
G12_Y1_AN1_064,1,,,
G15_Y6_076_022,,1,,bad splice
G15_Y6_074_320,,1,,bad splice
G15_Y1_DN1_172,,1,,DN1 field error
G02_Y4_041_244,1,,,
G15_Y2_011_249,1,,,
G15_Y1_DN1_187,,1,,DN1 field error
G02_Y3_013_015,,,1,
G02_Y3_015_002,,1,,
G02_Y4_033_116,1,,,
G15_Y1_HS2_361,,1,,bad splice
G15_Y1_AX2_010,,1,,bad splice
G15_Y4_201_043,1,,,
G15_Y1_CX2_366,,1,,bad splice
G15_Y3_036_387,,1,,bad splice
G15_Y1_FN1_369,,,1,
G15_Y6_089_381,,1,,
G15_Y5_020_396,,1,,
G12_Y3_019_040,1,,,
G02_Y4_038_070,,1,,bad splice
G15_Y4_238_281,1,,,
G02_Y5_080_029,,1,,bad splice
G15_Y3_041_129,1,,,
G15_Y3_029_275,1,,,
G09_Y4_244_276,,1,,bad splice
G15_Y2_010_203,,1,,
G02_Y4_040_290,1,,,
G12_Y5_013_241,1,,,
G15_Y3_018_162,,,1,
G02_Y3_002_002,,1,,bad splice
G15_Y1_HS2_033,,1,,bad splice
G02_Y5_101_330,,1,,bad splice
G15_Y4_215_049,,1,,bad splice
G02_Y4_036_334,,1,,
G15_Y5_004_393,1,,,bad splice
G02_Y6_008_273,,,1,
G15_Y5_024_351,,,1,
G15_Y4_243_207,1,,,
G15_Y1_EN2_120,1,,,
G09_Y2_031_251,1,,,
G15_Y3_040_380,,1,,bad splice
G02_Y4_033_329,,1,,bad splice
G15_Y6_082_351,,1,,bad splice
G02_Y5_107_034,,1,,bad splice
G12_Y6_058_034,,1,,bad splice
G15_Y6_076_058,,1,,bad splice
G15_Y6_077_063,,1,,bad splice
G15_Y6_077_068,,1,,bad splice
G02_Y4_038_053,,1,,bad splice
G02_Y5_116_385,1,,,
G15_Y5_005_325,,,1,
G15_Y2_014_353,1,,,
G15_Y6_099_071,,1,,bad splice
G09_Y5_035_103,,,1,
G02_Y3_006_168,,1,,bad splice
G02_Y5_105_106,,1,,bad splice
G15_Y3_043_071,,1,,bad splice
G15_Y5_004_012,,1,,bad splice
G15_Y1_HS2_008,,,1,
G02_Y4_044_051,,1,,bad splice
G15_Y1_IN2_116,1,,,
G15_Y3_028_222,,1,,bad splice
G15_Y6_097_178,,1,,bad splice
G02_Y3_003_033,,,1,
G15_Y3_052_053,,1,,bad splice
G15_Y2_020_388,,1,,bad splice
G02_Y4_043_078,,1,,
G15_Y6_085_176,1,,,
G15_Y6_097_077,,1,,bad splice
G09_Y4_203_084,1,,,
G15_Y4_229_023,,1,,bad splice
G02_Y5_094_018,,1,,bad splice
G02_Y5_084_344,1,,,
G02_Y5_051_006,,,1,
G15_Y6_082_079,,1,,bad splice
G15_Y3_034_013,,1,,bad splice
G15_Y2_009_041,,1,,bad splice
G15_Y4_216_191,,1,,bad splice
G02_Y3_020_108,1,,,
G15_Y3_008_381,,1,,bad splice
G15_Y5_005_271,,,1,
G15_Y3_011_365,1,,,
G02_Y4_042_203,,1,,bad splice
G15_Y2_010_042,,1,,bad splice
G15_Y3_006_308,,1,,bad splice
G15_Y2_020_157,,1,,bad splice
G15_Y2_010_399,,1,,
G15_Y1_DN1_202,,1,,DN1 field error
G15_Y3_033_084,,1,,bad splice
G15_Y5_007_064,,1,,bad splice
G02_Y4_026_041,1,,,
G02_Y6_002_375,,1,,bad splice
G15_Y3_009_003,,1,,bad splice
G15_Y3_011_241,1,,,
G15_Y4_229_378,,1,,
G15_Y2_006_001,,1,,bad splice
G15_Y6_089_010,,1,,bad splice
G15_Y6_070_059,,1,,bad splice
G15_Y2_021_047,1,,,
G02_Y6_006_361,,1,,bad splice
G15_Y4_236_284,,1,,
G02_Y3_003_274,1,,,
G02_Y6_016_354,,1,,bad splice
G15_Y4_237_361,,1,,
G09_Y4_214_342,,1,,bad splice
G02_Y5_116_332,,1,,bad splice
G02_Y5_104_025,,1,,bad splice
G12_Y4_206_373,,1,,
G15_Y6_080_026,,1,,bad splice
G02_Y4_028_217,,,,
G15_Y1_GX2_112,1,,,
G02_Y4_042_356,,1,,bad splice
G15_Y3_007_213,,1,,bad splice
G15_Y3_031_048,,1,,bad splice
G09_Y4_206_027,1,,,
G02_Y4_002_010,,1,,bad splice
G12_Y1_DN1_296,,1,,DN1 field error
G15_Y6_076_368,,1,,bad splice
G15_Y6_095_301,1,,,
G02_Y4_039_318,,1,,bad splice
G02_Y3_002_386,,,1,
G15_Y4_204_392,,1,,
G02_Y4_043_003,,1,,bad splice
G09_Y1_BS2_211,,1,,bad splice
G02_Y4_042_135,,1,,bad splice
G15_Y4_235_364,1,,,
G15_Y6_101_359,,1,,
G15_Y2_020_389,,1,,bad splice
G02_Y3_009_020,,1,,bad splice
G15_Y2_003_391,,1,,bad splice
G02_Y4_002_103,,1,,bad splice
G15_Y3_047_014,,1,,bad splice
G15_Y3_007_139,,1,,bad splice
G15_Y3_029_119,1,,,
G15_Y3_012_313,1,,,
G15_Y1_FN2_376,,1,,bad splice
G02_Y4_025_372,1,,,
G15_Y5_004_005,,1,,
G15_Y2_018_026,1,,,
G15_Y1_IS2_373,,1,,bad splice
G09_Y1_BS2_280,1,,,
G15_Y6_098_266,1,,,
G09_Y1_GN2_279,1,,,
G09_Y5_051_142,,1,,bad splice
G12_Y1_HS1_136,1,,,
G12_Y5_020_201,,1,,bad splice
G15_Y3_001_379,1,,,
G02_Y4_038_024,,1,,bad splice
G15_Y6_077_074,,1,,bad splice
G15_Y6_097_030,,1,,bad splice
G15_Y5_021_008,,1,,bad splice
G15_Y3_022_030,,1,,bad splice
G15_Y6_081_381,,1,,bad splice
G02_Y6_015_061,,1,,bad splice
G15_Y3_023_072,,1,,bad splice
G02_Y5_060_009,,,1,
G15_Y3_034_053,,1,,bad splice
G15_Y6_101_037,,1,,bad splice
G02_Y4_040_092,1,,,
G02_Y3_016_082,,1,,bad splice
G09_Y4_217_080,1,,,
G02_Y4_036_371,,1,,bad splice
G15_Y2_010_088,,1,,bad splice
G15_Y1_GX2_022,,1,,bad splice
G15_Y3_034_056,,1,,bad splice
G15_Y3_047_046,,1,,bad splice
G02_Y5_096_042,,1,,bad splice
G15_Y6_082_001,,1,,bad splice
G09_Y6_086_379,,1,,
G15_Y4_206_115,1,,,
G12_Y1_GS2_028,1,,,
G02_Y5_054_013,,1,,bad splice
G15_Y3_012_060,1,,,
G15_Y4_229_393,,1,,
G15_Y2_011_024,,1,,bad splice
G02_Y5_091_365,,1,,bad splice
G15_Y2_016_389,,1,,bad splice
G15_Y4_206_396,1,,,
G02_Y5_111_393,1,,,
G15_Y4_232_153,1,,,
G15_Y6_087_303,,1,,
G12_Y5_001_261,1,,,
G12_Y5_001_210,,1,,bad splice
G09_Y2_030_027,,1,,bad splice
G15_Y4_235_391,,1,,
G15_Y2_020_111,1,,,
G02_Y5_054_395,1,,,
G09_Y4_239_370,,1,,bad splice
G15_Y3_013_011,,1,,bad splice
G15_Y6_089_378,,1,,
G15_Y1_DS1_028,1,,,
G12_Y4_209_368,,1,,
G15_Y6_099_398,,1,,
G02_Y3_009_348,1,,,
G15_Y6_077_004,,1,,bad splice
G15_Y3_024_231,,1,,bad splice
G15_Y1_HS2_160,,1,,
G02_Y5_107_392,1,,,
G15_Y6_095_392,1,,,
G02_Y4_040_072,1,,,
G15_Y4_243_002,,1,,bad splice
G02_Y5_076_398,,1,,bad splice
G12_Y5_020_359,,1,,bad splice
G09_Y3_019_279,1,,,
G15_Y1_HN2_119,1,,,
G15_Y6_075_010,,1,,bad splice
G15_Y3_007_040,1,,,
G15_Y2_007_119,,1,,bad splice
G15_Y2_006_044,1,,,
G12_Y6_070_382,,1,,bad splice
G15_Y1_DN1_079,,1,,DN1 field error
G02_Y5_096_027,,1,,bad splice
G15_Y3_049_054,,1,,bad splice
G15_Y6_097_366,,1,,
G02_Y6_003_032,,1,,bad splice
G15_Y4_226_039,,1,,bad splice
G15_Y3_014_341,1,,,
G15_Y6_108_268,,1,,bad splice
G09_Y2_013_211,1,,,
G02_Y5_085_023,,1,,
G02_Y5_050_070,1,,,
G02_Y3_006_180,,,1,
G12_Y5_020_116,1,,,
G15_Y4_211_379,1,,,
G15_Y3_016_022,,1,,bad splice
G15_Y3_047_006,,1,,bad splice
G15_Y5_023_060,,1,,bad splice
G09_Y1_BX1_328,,1,,bad splice
G15_Y4_237_277,,1,,
G15_Y4_230_223,,1,,
G02_Y5_052_024,,1,,bad splice
G12_Y3_036_381,,1,,bad splice
G15_Y4_236_286,,1,,
G15_Y5_024_342,,1,,bad splice
G15_Y3_028_006,,1,,bad splice
G02_Y6_006_395,,1,,bad splice
G15_Y6_085_387,,1,,bad splice
G02_Y5_115_070,,1,,bad splice
G15_Y6_074_383,,1,,bad splice
G15_Y3_034_079,,1,,
G15_Y6_090_383,,1,,
G02_Y5_101_059,,1,,bad splice
G15_Y3_034_016,,1,,bad splice
G02_Y4_032_028,,1,,bad splice
G15_Y2_001_393,1,,,
G02_Y5_096_192,1,,,
G15_Y2_004_062,1,,,
G12_Y1_FND1_293,,,1,
G02_Y4_042_126,,1,,
G15_Y2_018_028,1,,,
G02_Y5_061_054,,1,,bad splice
G02_Y5_104_014,,1,,bad splice
G02_Y5_051_037,,1,,
G15_Y2_009_377,,1,,bad splice
G09_Y2_011_203,1,,,
G15_Y4_232_325,,1,,
G02_Y4_032_369,1,,,
G15_Y3_049_047,,1,,bad splice
G15_Y2_011_049,,1,,bad splice
G02_Y4_028_362,1,,,
G09_Y4_227_289,,1,,bad splice
G15_Y4_238_321,1,,,
G09_Y4_220_371,,1,,bad splice
G15_Y4_211_113,,1,,bad splice
G02_Y5_088_371,,1,,bad splice
G15_Y5_010_159,,1,,bad splice
G15_Y2_010_013,,1,,bad splice
G15_Y6_077_023,,1,,bad splice
G15_Y4_213_357,1,,,
G12_Y6_073_337,,1,,
G02_Y6_009_328,,1,,bad splice
G15_Y6_086_367,,1,,bad splice
G12_Y5_020_274,,1,,bad splice
G02_Y5_116_076,,1,,bad splice
G15_Y4_231_194,,1,,
G15_Y6_101_345,1,,,
G02_Y5_105_358,,1,,bad splice
G02_Y3_004_337,,,1,
G12_Y3_041_034,,1,,bad splice
G02_Y5_075_377,,1,,bad splice
G15_Y6_088_337,,1,,bad splice
G02_Y3_014_226,1,,,
G02_Y3_005_359,1,,,
G15_Y1_AN1_373,,1,,bad splice
G15_Y1_HS2_138,,1,,bad splice
G12_Y1_HS2_120,1,,,
G15_Y4_226_391,,1,,
G15_Y4_235_388,,1,,
G02_Y4_042_369,,1,,bad splice
G02_Y4_043_252,1,,,
G02_Y3_005_341,1,,,
G02_Y3_015_221,,1,,bad splice
G02_Y6_017_017,,1,,bad splice
G12_Y6_041_344,1,,,
G15_Y4_238_312,,1,,
G02_Y6_006_013,,1,,bad splice
G15_Y3_043_353,,1,,bad splice
G15_Y4_235_387,,1,,
G15_Y4_233_006,,1,,bad splice
G15_Y2_017_348,1,,,
G02_Y5_073_039,,1,,bad splice
G02_Y6_006_372,,1,,bad splice
G09_Y2_031_119,1,,,
G15_Y6_081_397,,1,,bad splice
G12_Y1_DS1_007,,,1,
G09_Y1_GN2_254,,,1,
G15_Y4_230_373,,1,,
G02_Y6_017_328,,1,,bad splice
G15_Y6_097_035,,1,,bad splice
G15_Y3_010_009,1,,,
G12_Y5_027_110,1,,,
G15_Y3_016_059,,,1,
G02_Y5_077_282,,1,,bad splice
G15_Y4_204_032,1,,,
G02_Y5_100_015,,1,,bad splice
G15_Y4_237_299,1,,,
G12_Y4_208_022,,1,,bad splice
G15_Y3_006_340,,1,,bad splice
G02_Y5_053_030,,1,,
G02_Y5_073_028,,1,,bad splice
G02_Y6_006_032,,1,,bad splice
G15_Y6_086_001,,1,,bad splice
G02_Y5_107_031,,1,,bad splice
G15_Y2_012_212,1,,,
G02_Y6_008_039,,1,,bad splice
G15_Y5_002_103,,1,,bad splice
G02_Y5_107_023,,1,,bad splice
G15_Y2_014_243,,1,,
G02_Y5_058_007,,,1,
G02_Y5_101_355,,1,,bad splice
G02_Y4_039_372,,1,,bad splice
G15_Y4_204_043,,1,,bad splice
G02_Y4_043_359,,1,,bad splice
G02_Y3_019_342,,1,,bad splice
G15_Y5_001_135,,1,,bad splice
G15_Y5_021_046,,1,,bad splice
G15_Y3_022_333,,1,,bad splice
G15_Y6_071_136,,1,,
G15_Y4_216_198,1,,,
G09_Y2_002_041,1,,,
G15_Y2_007_052,,1,,bad splice
G15_Y2_014_049,,1,,bad splice
G15_Y6_082_126,,1,,bad splice
G12_Y6_057_362,,1,,bad splice
G15_Y3_007_158,,1,,bad splice
G02_Y5_101_399,,1,,
G15_Y5_003_004,,1,,bad splice
G09_Y2_038_107,1,,,
G15_Y3_006_365,1,,,
G15_Y4_215_068,,1,,bad splice
G12_Y1_HS2_378,1,,,
G15_Y5_003_018,,1,,bad splice
G15_Y2_010_340,,1,,bad splice
G02_Y5_116_379,,1,,bad splice
G15_Y4_211_025,,1,,bad splice
G15_Y3_006_348,1,,,
G02_Y4_029_012,,1,,bad splice
G09_Y2_031_133,,1,,bad splice
G02_Y5_093_018,,1,,bad splice
G02_Y4_040_317,1,,,
G15_Y3_041_348,,1,,bad splice
G15_Y6_077_076,,1,,bad splice
G15_Y3_007_192,,1,,bad splice
G02_Y4_036_002,,1,,bad splice
G15_Y2_006_017,,1,,bad splice
G15_Y6_087_087,,1,,bad splice
G02_Y4_043_059,,1,,bad splice
G15_Y3_035_169,1,,,
G15_Y3_041_162,,,1,
G15_Y4_232_390,1,,,
G15_Y4_215_352,,1,,bad splice
G15_Y1_GN2_136,1,,,
G15_Y4_208_269,,1,,
G15_Y4_212_069,,1,,bad splice
G15_Y3_048_265,1,,,
G12_Y4_205_396,1,,,
G15_Y2_003_369,,1,,
G15_Y2_014_041,,1,,bad splice
G02_Y5_113_391,,1,,bad splice
G02_Y4_025_171,,1,,
G15_Y4_202_079,1,,,
G15_Y3_008_249,1,,,
G15_Y2_009_249,,1,,
G15_Y5_005_005,,1,,bad splice
G02_Y4_024_289,1,,,
G15_Y6_089_372,,1,,
G15_Y3_047_156,1,,,
G02_Y4_029_141,,1,,bad splice
G15_Y2_010_085,,1,,bad splice
G02_Y3_009_116,1,,,
G15_Y4_227_118,1,,,
G02_Y3_004_367,,,1,
G09_Y5_014_230,1,,,
G15_Y6_073_187,,1,,
G15_Y4_219_110,1,,,
G15_Y6_096_313,,1,,bad splice
G15_Y4_211_385,1,,,
G15_Y3_005_335,1,,,
G02_Y3_001_256,,1,,
G12_Y1_ND6_245,1,,,
G15_Y5_021_042,,1,,bad splice
G12_Y1_ND7_161,1,,,
G15_Y6_076_362,,1,,bad splice
G02_Y4_040_203,1,,,
G09_Y5_007_162,,,1,
G15_Y2_012_339,,1,,bad splice
G15_Y4_203_217,1,,,
G15_Y4_203_164,1,,,
G15_Y6_070_218,,1,,bad splice
G15_Y4_234_119,1,,,
G09_Y4_221_068,,,1,
G02_Y5_112_001,,1,,bad splice
G02_Y4_044_363,,1,,bad splice
G15_Y6_083_344,1,,,
G15_Y3_002_162,,,1,
G15_Y4_237_347,1,,,
G15_Y3_016_120,,1,,bad splice
G15_Y2_006_396,,,1,
G15_Y4_237_354,1,,,
G02_Y4_038_304,,,1,bad splice
G15_Y6_083_286,1,,,
G15_Y4_227_236,,,1,
G15_Y1_FS1_055,1,,,
G02_Y4_031_113,,1,,
G15_Y4_206_283,1,,,
G12_Y3_028_368,,1,,bad splice
G15_Y2_023_195,,1,,
G02_Y4_036_363,,1,,bad splice
G15_Y4_238_267,,1,,bad splice
G15_Y6_089_312,1,,,
G15_Y1_HS2_345,,,1,
G15_Y3_006_025,,,1,
G02_Y3_015_343,,1,,bad splice
G15_Y6_097_348,1,,,
G02_Y5_095_163,,1,,bad splice
G02_Y5_101_352,,,1,
G15_Y6_094_048,,1,,
G02_Y4_041_121,1,,,
G15_Y5_012_348,1,,,
G12_Y1_GN1_266,,,1,
G12_Y3_029_008,,1,,bad splice
G15_Y6_087_003,,1,,bad splice
G15_Y3_009_001,,1,,bad splice
G15_Y2_008_251,,,1,
G02_Y4_029_037,1,,,
G15_Y6_095_012,,1,,bad splice
G02_Y4_040_103,1,,,
G15_Y6_080_054,,1,,bad splice
G15_Y2_020_384,,1,,bad splice
G15_Y2_023_253,,,1,
G15_Y4_237_343,1,,,
G15_Y4_238_385,1,,,
G15_Y6_096_201,,1,,
G15_Y6_096_207,,1,,bad splice
G15_Y4_205_341,1,,,
G15_Y3_047_007,,1,,bad splice
G09_Y4_227_368,1,,,
G02_Y6_014_001,,1,,bad splice
G02_Y6_008_296,,1,,bad splice
G15_Y5_012_323,,,1,
G12_Y5_012_036,1,,,
G15_Y6_100_397,,1,,
G15_Y3_048_302,,1,,bad splice
G15_Y3_036_206,,,1,
G12_Y4_206_345,1,,,
G15_Y4_238_336,1,,,
G02_Y6_007_017,,1,,bad splice
G15_Y6_094_010,,1,,bad splice
G09_Y6_093_354,1,,,
G02_Y4_026_325,,,1,
G15_Y5_004_081,1,,,
G02_Y5_116_378,,1,,
G15_Y3_006_390,,1,,bad splice
G15_Y5_023_372,,1,,bad splice
G15_Y6_090_388,,1,,
G15_Y4_238_392,,1,,
G02_Y4_040_124,,1,,
G02_Y3_015_217,1,,,
G02_Y4_033_067,,1,,bad splice
G15_Y3_031_119,1,,,
G15_Y6_094_376,,1,,bad splice
G15_Y1_IS1_223,,,1,
G15_Y6_089_390,,1,,
G12_Y4_210_399,,1,,
G15_Y4_216_124,1,,,
G15_Y4_204_369,1,,,
G02_Y5_095_387,,1,,bad splice
G15_Y2_023_054,1,,,
G15_Y4_238_359,,1,,
G15_Y6_097_376,,1,,
G15_Y6_097_379,,1,,
G15_Y2_011_056,,1,,bad splice
G15_Y6_099_376,,1,,
G15_Y1_AN1_161,1,,,
G15_Y4_216_260,1,,,
G02_Y3_019_367,,1,,bad splice
G15_Y3_006_375,,1,,bad splice
G12_Y2_018_087,,1,,bad splice
G09_Y1_test_345,1,,,
G02_Y3_015_199,,1,,bad splice
G15_Y4_237_383,,1,,
G15_Y4_236_332,1,,,
G15_Y4_238_368,,1,,
G02_Y5_116_384,,1,,bad splice
G15_Y3_006_271,1,,,
G15_Y5_032_046,1,,,
G15_Y6_098_369,,1,,
G09_Y1_GS2_310,1,,,
G12_Y1_EN1_244,1,,,
G15_Y4_232_060,1,,,
G12_Y3_011_353,1,,,
G02_Y3_012_274,1,,,
G15_Y6_087_393,,1,,bad splice
G09_Y4_210_121,1,,,
G02_Y3_013_036,1,,,
G15_Y3_035_006,,1,,bad splice
G15_Y2_020_387,,1,,bad splice
G15_Y3_049_135,,1,,bad splice
G02_Y3_020_120,1,,,
G15_Y4_214_021,,1,,bad splice
G15_Y4_224_060,1,,,
G15_Y5_004_271,1,,,
G15_Y4_218_165,1,,,
G15_Y3_036_098,,1,,
G15_Y6_099_362,,1,,
G02_Y5_054_087,,1,,bad splice
G02_Y5_053_370,1,,,
G15_Y5_005_060,1,,,
G02_Y4_037_086,1,,,
G02_Y4_025_277,,1,,
G15_Y4_205_235,1,,,
G15_Y3_031_274,1,,,
G02_Y3_018_136,,,1,
G12_Y4_210_283,,1,,
G15_Y2_019_107,1,,,
G09_Y1_DS1_002,1,,,
G02_Y4_037_365,1,,,
G12_Y1_ES1_076,1,,,
G15_Y6_099_352,1,,,
G15_Y2_015_274,1,,,
G02_Y4_037_199,,1,,bad splice
G15_Y4_207_053,1,,,
G15_Y2_011_198,,1,,
G02_Y4_043_304,,1,,
G12_Y1_ES1_391,1,,,
G02_Y4_029_129,1,,,
G12_Y2_006_129,1,,,
G09_Y2_012_053,1,,,
G02_Y4_034_198,,1,,bad splice
G15_Y4_202_244,1,,,
G15_Y1_AN2_395,1,,,
G15_Y3_015_054,1,,,
G09_Y1_IS1_106,1,,,
G15_Y3_008_281,1,,,
G15_Y2_001_276,1,,,
G12_Y1_ID1_279,1,,,
G15_Y2_022_103,1,,,
G15_Y4_238_288,1,,,
G09_Y1_EN2_008,1,,,
G12_Y1_BND1_276,1,,,
G09_Y4_227_340,,1,,bad splice
G09_Y6_080_314,1,,,
G12_Y2_030_060,1,,,
G09_Y1_GS2_080,1,,,
G09_Y4_206_040,1,,,
G15_Y4_238_387,,1,,
G12_Y1_GS2_279,1,,,
G15_Y4_229_381,,1,,
G15_Y5_021_248,1,,,
G15_Y2_018_345,1,,,
G12_Y1_GS2_275,1,,,
G12_Y1_BND1_279,1,,,
G12_Y1_EN1_132,1,,,
G15_Y6_096_386,,1,,bad splice
G09_Y3_019_342,1,,,
G09_Y1_DN1_040,1,,,
G15_Y6_089_383,,1,,
G09_Y4_208_026,1,,,
G15_Y1_IS1_365,1,,,
G09_Y1_FS2_036,1,,,
G02_Y5_116_360,,1,,bad splice
G15_Y3_014_119,1,,,
G02_Y3_020_362,1,,,
G02_Y4_043_309,,1,,
G02_Y3_019_218,,1,,
G15_Y2_020_382,,1,,bad splice
G12_Y4_209_363,,1,,
G09_Y4_241_378,1,,,
G09_Y1_GS1_036,1,,,
G12_Y1_HS1_064,1,,,
G09_Y1_ES2_138,1,,,
G12_Y1_ES1_106,1,,,
G15_Y2_001_102,1,,,
G12_Y1_AS2_341,1,,,
G09_Y1_FS2_064,1,,,
G09_Y1_DS2_129,1,,,
G12_Y1_IS2_279,1,,,
G09_Y1_IS2_026,1,,,
G09_Y4_208_365,1,,,
G12_Y1_ND2_079,1,,,
G09_Y1_ES2_161,1,,,
G12_Y1_ND7_308,1,,,
G09_Y1_FS2_308,1,,,
G12_Y1_CS1_036,1,,,
G12_Y1_ES1_111,1,,,
G09_Y1_GS1_139,1,,,
G12_Y1_ND3_110,1,,,
G09_Y1_BS1_165,1,,,
G12_Y1_EN1_107,1,,,
G15_Y1_EN1_064,1,,,
G15_Y1_EN1_168,1,,,
G09_Y1_FS1_023,1,,,
G09_Y6_065_374,,,1,
G09_Y1_BN2_061,1,,,
G12_Y1_GS1_129,1,,,
G12_Y1_IND1_138,1,,,
G12_Y3_011_365,1,,,
G15_Y3_008_102,1,,,
G02_Y4_021_060,1,,,
G09_Y1_DS2_139,1,,,
G12_Y1_ES1_271,1,,,
G12_Y1_ES1_271,,1,,
G12_Y1_ND4_308,1,,,
G09_Y1_IS2_353,1,,,
G09_Y1_AS1_138,1,,,
G09_Y1_GS1_165,1,,,
G12_Y1_ND2_106,1,,,
G12_Y1_IND1_080,1,,,
G02_Y3_015_108,1,,,
G09_Y1_DS2_064,1,,,
G12_Y1_IND1_107,1,,,
G09_Y1_FN2_276,1,,,
G09_Y4_213_040,1,,,
G15_Y2_022_102,1,,,
G15_Y1_HS1_008,1,,,
G12_Y1_GS1_308,1,,,
G12_Y1_HND1_071,1,,,
G09_Y1_FS1_115,1,,,
G12_Y1_BS1_064,1,,,
G09_Y1_HS2_040,1,,,
G15_Y1_FS1_060,1,,,
G15_Y1_CS1_129,1,,,
G15_Y1_EN1_129,1,,,
G15_Y1_CN1_130,1,,,
G09_Y4_208_086,1,,,
G15_Y1_IN1_061,1,,,
G15_Y6_097_069,,1,,
G09_Y1_BS2_130,1,,,
G15_Y1_FN1_130,1,,,
G09_Y1_ES1_008,1,,,
G15_Y1_BN1_276,1,,,
G09_Y1_BS1_169,1,,,
G12_Y1_EN1_139,1,,,
G09_Y2_010_142,1,,,
G09_Y1_FN1_165,1,,,
G12_Y1_IND1_161,1,,,
G12_Y1_FS2_161,1,,,
G15_Y1_DS1_077,1,,,
G09_Y1_DN1_132,1,,,
G09_Y1_FS1_112,1,,,
G12_Y1_ND8_002,1,,,
G15_Y1_FS2_028,,1,,
G15_Y1_HS1_026,1,,,
G15_Y6_088_366,1,,,
G15_Y1_CS1_054,1,,,
G09_Y1_FS1_080,1,,,
G15_Y1_IN1_040,1,,,
G12_Y1_BS2_353,1,,,
G09_Y1_DS2_110,1,,,
G09_Y1_HN1_353,1,,,
G09_Y1_HN1_080,1,,,
G12_Y1_HS1_054,1,,,
G15_Y1_DN2_042,,1,,
G15_Y1_BN1_112,1,,,
G15_Y6_088_387,,1,,
G15_Y1_FS2_011,,1,,
G09_Y1_AX2_055,1,,,
G12_Y1_HND1_275,1,,,
G02_Y4_040_355,1,,,
G12_Y1_CND1_132,1,,,
G09_Y1_DS1_080,1,,,
G12_Y2_020_026,1,,,
G09_Y1_BN2_110,1,,,
G15_Y4_204_335,1,,,
G12_Y1_FS2_054,1,,,
G09_Y1_GN2_370,1,,,
G12_Y1_ND1_165,1,,,
G15_Y1_CS1_132,1,,,
G09_Y1_FS1_111,1,,,
G12_Y1_ND1_125,1,,,
G09_Y1_BS1_070,1,,,
G09_Y1_BN2_169,1,,,
G09_Y1_IS2_109,1,,,
G09_Y1_FN2_280,1,,,
G12_Y1_ES1_112,1,,,
G12_Y1_GS2_341,1,,,
G02_Y3_005_119,1,,,
G09_Y1_CX2_161,1,,,
G15_Y2_003_108,1,,,
G09_Y1_ES2_110,1,,,
G09_Y1_IS2_105,1,,,
G09_Y4_205_129,1,,,
G09_Y1_HN1_342,1,,,
G12_Y1_BS2_130,1,,,
G09_Y1_FS1_277,1,,,
G12_Y1_IS2_076,1,,,
G09_Y1_FS1_076,1,,,
G02_Y5_089_381,,1,,
G09_Y2_019_021,1,,,
G09_Y4_215_118,,1,,
G09_Y4_215_345,1,,,
G09_Y1_BS1_381,1,,,
G12_Y1_ES1_108,1,,,
G15_Y1_DS1_008,1,,,
G15_Y1_ES2_348,1,,,
G15_Y1_FS1_090,,,1,
G12_Y5_024_110,1,,,
G12_Y1_CS2_028,1,,,
G15_Y4_202_313,,1,,
G12_Y1_DS1_110,1,,,
G15_Y1_BN1_008,1,,,
G09_Y1_FS1_274,1,,,
G12_Y1_GN1_348,1,,,
G15_Y1_AN2_378,1,,,
G15_Y1_GS1_112,1,,,
G09_Y4_206_102,1,,,
G12_Y5_024_096,,1,,
G15_Y1_GN1_116,1,,,
G15_Y1_EN1_161,1,,,
G15_Y3_003_069,1,,,
G09_Y2_004_102,1,,,
G12_Y1_GS2_021,1,,,
G12_Y1_ES1_103,1,,,
G09_Y4_208_353,1,,,
G09_Y1_IS2_341,1,,,
G15_Y1_GN1_112,1,,,
G09_Y1_BN2_395,1,,,
G12_Y6_080_076,1,,,
G15_Y1_BN1_119,1,,,
G09_Y1_FS2_168,1,,,
G12_Y1_BX2_332,,,1,
G15_Y1_BX2_111,1,,,
G15_Y1_CX1_381,1,,,
G09_Y1_DX1_090,,,1,
G12_Y1_IS2_003,1,,,
G09_Y1_FN1_385,1,,,
G09_Y1_DS2_090,1,,,
G09_Y4_202_306,1,,,
G12_Y1_EX2_136,,1,,
G09_Y1_test_080,1,,,
G15_Y1_HS1_021,1,,,
G09_Y2_002_110,1,,,
G09_Y1_EN2_130,1,,,
G02_Y4_025_086,1,,,
G15_Y1_FS2_008,1,,,
G09_Y1_BN2_165,1,,,
G09_Y1_CN1_345,1,,,
G12_Y1_DS2_342,1,,,
G12_Y4_210_373,,1,,
G09_Y1_IS2_101,1,,,
G12_Y1_IS2_365,1,,,
G15_Y1_AN2_109,1,,,
G09_Y1_FN2_281,1,,,
G12_Y1_BS2_108,1,,,
G12_Y1_FN1_348,1,,,
G15_Y1_FN1_119,1,,,
G12_Y1_GS1_139,1,,,
G12_Y1_ND4_387,1,,,
G15_Y1_HS1_071,1,,,
G09_Y1_CS1_036,1,,,
G02_Y4_027_126,1,,,
G09_Y1_GS1_387,1,,,
G12_Y5_015_268,,1,,bad splice
G12_Y1_DN1_379,,1,,DN1 field error
G09_Y1_AX2_385,1,,,
G12_Y1_CS2_026,1,,,
G09_Y1_IS1_276,1,,,
G15_Y6_100_388,,1,,
G15_Y6_100_382,,1,,
G15_Y1_FS1_064,1,,,
G15_Y1_FN1_103,1,,,
G12_Y1_CN1_040,1,,,
G09_Y1_DN2_345,1,,,
G15_Y1_HS1_281,1,,,
G12_Y1_CN1_064,1,,,
G12_Y1_ND2_071,1,,,
G09_Y2_024_056,1,,,
G12_Y1_IS2_341,1,,,
G12_Y1_BS1_122,1,,,
G12_Y1_DD1_165,1,,,
G09_Y1_IN2_164,1,,,
G09_Y6_080_389,,1,,
G15_Y4_243_071,1,,,
G02_Y5_079_376,,,1,
G09_Y1_EN2_345,1,,,
G12_Y1_ND6_056,1,,,
G09_Y1_DS1_008,1,,,
G09_Y1_HN1_279,1,,,
G09_Y2_002_385,1,,,
G09_Y2_004_365,1,,,
G15_Y1_DN1_387,,1,,DN1 field error
G09_Y4_215_116,1,,,
G09_Y1_IS1_078,,,1,
G15_Y4_207_313,,1,,
G12_Y4_202_141,1,,,
G15_Y1_BN2_354,1,,,
G09_Y1_HS2_161,1,,,
G15_Y1_ES1_161,1,,,
G09_Y6_093_361,,1,,
G15_Y1_DS1_124,1,,,
G15_Y1_DS1_108,1,,,
G12_Y1_FS1_111,1,,,
G12_Y1_DN1_344,,1,,DN1 field error
G09_Y4_231_173,,,1,
G15_Y1_HN2_023,1,,,
G12_Y4_210_352,1,,,
G15_Y1_DS2_127,,1,,
G15_Y3_023_191,,1,,bad splice
G15_Y2_001_071,1,,,
G02_Y4_002_006,,1,,bad splice
G15_Y2_023_289,,,1,
G02_Y4_036_314,,1,,bad splice
G09_Y1_CN2_054,1,,,
G12_Y1_CS1_090,,,1,
G15_Y1_IS2_090,,,1,
G15_Y1_HN2_341,1,,,
G02_Y4_032_004,,1,,bad splice
G15_Y1_IN1_107,1,,,
G15_Y1_AN2_129,1,,,
G02_Y4_028_274,1,,,
G12_Y6_085_374,1,,,
G15_Y4_205_285,1,,,
G15_Y1_IS1_026,1,,,
G02_Y3_013_291,,,1,
G12_Y4_204_211,1,,,
G02_Y5_050_314,1,,,
G09_Y1_IN2_117,1,,,
G15_Y6_100_330,1,,,
G15_Y1_BN1_354,1,,,
G02_Y4_043_195,,1,,bad splice
G15_Y2_011_028,,1,,bad splice
G15_Y1_BS2_110,1,,,
G15_Y4_204_063,1,,,
G15_Y4_238_311,1,,,
G15_Y3_009_045,,1,,bad splice
G09_Y4_224_102,,,1,
G15_Y1_AN2_101,1,,,
G09_Y4_203_024,1,,,
G15_Y2_001_274,1,,,
G15_Y6_100_393,,1,,
G02_Y3_015_026,1,,,
G12_Y1_IN1_116,1,,,
G02_Y4_035_125,1,,,
G15_Y6_086_317,1,,,
G09_Y2_010_032,1,,,
G12_Y1_DND1_007,,,1,
G12_Y1_DN1_387,,1,,DN1 field error
G12_Y1_FN1_119,1,,,
G02_Y3_015_112,1,,,
G15_Y6_085_015,,1,,bad splice
G15_Y6_100_392,,1,,
G09_Y1_CN2_308,1,,,
G15_Y6_100_264,,1,,
G15_Y6_100_381,,1,,
G09_Y4_228_110,1,,,
G15_Y1_AN2_081,1,,,
G15_Y2_009_372,,1,,
G12_Y1_HS2_112,1,,,
G15_Y3_002_047,1,,,
G02_Y5_051_348,1,,,
G02_Y4_042_004,,1,,bad splice
G15_Y6_093_375,,1,,
G02_Y4_029_315,,1,,bad splice
G02_Y4_035_315,,1,,bad splice
G09_Y4_227_302,,1,,bad splice
G15_Y5_023_083,,1,,bad splice
G02_Y4_032_078,,1,,
G15_Y5_033_370,1,,,
G15_Y5_009_006,,1,,bad splice
G15_Y4_215_379,,1,,
G15_Y4_229_394,,1,,
G09_Y4_214_027,,1,,bad splice
G09_Y6_093_355,,1,,
G02_Y4_039_209,,1,,bad splice
G15_Y6_101_054,,1,,bad splice
G15_Y1_HS2_165,,1,,bad splice
G15_Y4_238_319,,1,,
G15_Y3_041_189,,,1,
G15_Y3_041_389,,1,,bad splice
G09_Y2_028_277,1,,,
G15_Y3_041_183,,1,,bad splice
G15_Y4_240_387,,1,,
G02_Y4_032_055,1,,,
G09_Y4_227_231,,1,,bad splice
G09_Y4_206_152,,1,,
G15_Y6_090_302,,1,,bad splice
G09_Y4_227_347,,1,,
G15_Y3_041_090,,,1,
G09_Y4_238_274,1,,,
G15_Y6_094_375,,1,,bad splice
G02_Y5_071_388,,1,,bad splice
G15_Y2_020_014,,1,,bad splice
G09_Y2_015_222,,1,,bad splice
G15_Y4_204_315,,1,,
G15_Y3_047_002,,1,,bad splice
G02_Y4_035_017,,1,,bad splice
G15_Y2_018_379,,1,,bad splice
G02_Y5_088_394,,1,,bad splice
G15_Y1_HN2_367,,1,,bad splice
G15_Y4_208_306,,1,,bad splice
G15_Y2_009_362,,1,,
G15_Y2_007_120,1,,,
G02_Y3_009_079,1,,,
G15_Y6_086_017,,1,,bad splice
G15_Y1_FS2_009,,1,,bad splice
G09_Y1_FS1_008,1,,,
G15_Y1_AN2_356,1,,,
G09_Y4_221_107,1,,,
G12_Y1_HS2_360,1,,,
G09_Y4_215_354,1,,,
G09_Y4_203_356,1,,,
G09_Y1_GS2_139,1,,,
G15_Y1_HS1_130,1,,,
G09_Y1_BS1_054,1,,,
G15_Y2_001_354,1,,,
G15_Y2_001_360,1,,,
G09_Y2_029_112,1,,,
G15_Y4_202_060,1,,,
G09_Y1_HS2_129,1,,,
G09_Y4_224_064,1,,,
G12_Y1_GS1_060,1,,,
G09_Y4_215_356,1,,,
G12_Y1_ND7_056,1,,,
G12_Y1_DS1_129,1,,,
G12_Y1_IS2_354,1,,,
G09_Y1_IS2_003,1,,,
G12_Y1_IS2_356,1,,,
G12_Y1_ND3_040,1,,,
G15_Y2_008_129,1,,,
G02_Y4_037_354,1,,,
G15_Y1_EN2_341,1,,,
G15_Y1_IN1_055,1,,,
G09_Y1_HS2_064,1,,,
G09_Y4_203_241,1,,,
G12_Y1_ES1_356,1,,,
G12_Y5_028_060,1,,,
G09_Y4_224_107,1,,,
G15_Y1_BS2_031,1,,,
G15_Y3_001_112,1,,,
G09_Y1_IS2_076,1,,,
G09_Y1_BS1_036,1,,,
G15_Y1_HN1_060,1,,,
G09_Y4_215_080,1,,,
G15_Y4_202_110,1,,,
G12_Y2_025_107,1,,,
G02_Y3_016_040,1,,,
G09_Y1_AS1_064,1,,,
G09_Y4_203_079,1,,,
G15_Y1_HS1_115,1,,,
G15_Y1_BS2_054,1,,,
G09_Y1_BN2_064,1,,,
G09_Y4_261_356,1,,,
G12_Y1_HND1_360,1,,,
G12_Y3_007_102,1,,,
G15_Y1_BX2_342,1,,,
G09_Y1_DS2_165,1,,,
G09_Y1_AN2_062,1,,,
G09_Y4_210_287,1,,,
G12_Y6_058_390,,1,,
G09_Y4_201_040,1,,,
G12_Y2_039_354,1,,,
G12_Y1_IND1_169,1,,,
G15_Y1_BN2_008,1,,,
G02_Y3_006_013,,,1,
G12_Y3_025_008,,1,,bad splice
G15_Y6_082_048,,1,,bad splice
G02_Y4_042_224,,1,,bad splice
G15_Y3_001_115,1,,,
G15_Y1_ES2_063,,1,,bad splice
G15_Y1_EN1_040,1,,,
G09_Y1_CN2_129,1,,,
G09_Y4_207_176,1,,,
G09_Y1_GN1_348,1,,,
G12_Y6_058_375,,1,,
G09_Y4_201_284,1,,,
G09_Y1_GN2_348,1,,,
G12_Y1_DS2_345,1,,,
G15_Y1_CS2_280,1,,,
G09_Y1_IN2_342,1,,,
G12_Y1_IS2_079,1,,,
G15_Y6_087_035,,1,,bad splice
G09_Y1_ES2_132,1,,,
G12_Y1_DS1_308,1,,,
G09_Y1_GS2_036,1,,,
G12_Y1_ND4_036,1,,,
G09_Y4_228_080,1,,,
G12_Y5_015_168,1,,,
G15_Y4_212_356,1,,,
G09_Y1_HS2_110,1,,,
G09_Y4_208_356,1,,,
G02_Y4_043_241,1,,,
G15_Y3_008_356,1,,,
G15_Y2_008_047,1,,,
G15_Y4_232_064,1,,,
G09_Y2_031_354,1,,,
G15_Y2_003_354,1,,,
G15_Y3_016_064,1,,,
G15_Y2_003_112,1,,,
G02_Y3_020_354,1,,,
G09_Y1_HN2_040,1,,,
G12_Y5_027_356,1,,,
G09_Y1_GS1_055,1,,,
G02_Y4_040_354,1,,,
G15_Y1_IS1_356,1,,,
G09_Y1_HN2_064,1,,,
G02_Y4_033_064,1,,,
G15_Y4_206_354,1,,,
G09_Y4_228_356,1,,,
G12_Y1_DS1_055,1,,,
G09_Y1_test_023,1,,,
G09_Y1_IN2_071,1,,,
G15_Y4_205_356,1,,,
G15_Y4_205_102,1,,,
G09_Y1_FS1_079,1,,,
G09_Y2_041_112,1,,,
G02_Y4_040_211,1,,,
G15_Y4_204_165,1,,,
G15_Y1_ES2_341,1,,,
G09_Y1_DS1_356,1,,,
G15_Y4_205_360,1,,,
G09_Y1_GS1_060,1,,,
G09_Y1_ES2_055,1,,,
G02_Y4_043_275,1,,,
G12_Y1_FS1_360,1,,,
G02_Y3_014_071,1,,,
G15_Y4_205_211,1,,,
G15_Y3_001_356,1,,,
G09_Y4_210_370,1,,,
G02_Y3_018_040,1,,,
G15_Y4_202_168,1,,,
G02_Y4_040_271,1,,,
G02_Y3_019_064,1,,,
G15_Y4_202_165,1,,,
G09_Y1_HN2_308,1,,,
G12_Y4_204_356,1,,,
G15_Y2_005_120,1,,,
G15_Y2_008_061,1,,,
G09_Y4_256_354,1,,,
G15_Y1_HS1_003,1,,,
G12_Y1_ND3_055,1,,,
G15_Y4_203_211,1,,,
G12_Y1_ND3_036,1,,,
G09_Y1_BN2_136,1,,,
G02_Y4_033_165,1,,,
G12_Y1_CS2_023,1,,,
G09_Y1_AN2_064,1,,,
G02_Y4_040_071,1,,,
G02_Y3_019_060,1,,,
G12_Y1_GS2_008,1,,,
G12_Y1_FS2_036,1,,,
G02_Y3_018_037,1,,,
G02_Y3_013_037,1,,,
G09_Y4_224_168,1,,,
G15_Y1_AS1_119,1,,,
G02_Y3_018_165,1,,,
G15_Y1_AS1_341,1,,,
G12_Y1_GS1_064,1,,,
G09_Y1_test_276,1,,,
G02_Y4_040_102,1,,,
G15_Y2_008_107,1,,,
G12_Y2_039_120,1,,,
G09_Y4_208_354,1,,,
G02_Y4_043_271,1,,,
G09_Y1_DN1_064,1,,,
G12_Y1_EN1_055,1,,,
G09_Y4_245_356,1,,,
G09_Y4_221_064,1,,,
G09_Y1_CN1_023,1,,,
G09_Y2_019_023,1,,,
G15_Y2_005_110,1,,,
G02_Y4_028_080,1,,,
G15_Y2_017_115,1,,,
G09_Y2_029_021,1,,,
G09_Y2_031_110,1,,,
G12_Y1_GS1_055,1,,,
G02_Y4_036_040,1,,,
G12_Y2_019_168,1,,,
G02_Y4_031_360,1,,,
G12_Y4_202_110,1,,,
G09_Y1_HN2_110,1,,,
G02_Y3_014_079,1,,,
G15_Y2_003_120,1,,,
G15_Y3_008_071,1,,,
G15_Y1_IS1_360,1,,,
G15_Y2_008_060,1,,,
G09_Y2_033_112,1,,,
G15_Y1_BS2_139,1,,,
G15_Y2_020_216,1,,,
G15_Y4_206_241,1,,,
G09_Y1_IS1_021,1,,,
G12_Y1_ND6_168,1,,,
G15_Y3_011_279,1,,,
G12_Y4_206_370,1,,,
G09_Y1_test_079,1,,,
G09_Y1_CN2_056,1,,,
G12_Y1_HS2_021,1,,,
G09_Y4_202_165,1,,,
G12_Y1_GD1_064,1,,,
G12_Y1_HS1_055,1,,,
G02_Y4_040_353,1,,,
G02_Y4_034_211,1,,,
G09_Y1_GS2_040,1,,,
G15_Y1_EN2_342,1,,,
G12_Y4_203_064,1,,,
G12_Y1_EN1_060,1,,,
G02_Y4_041_168,1,,,
G15_Y4_205_082,1,,,
G15_Y2_008_165,1,,,
G12_Y1_HS2_023,1,,,
G12_Y1_GS2_023,1,,,
G15_Y1_IS1_106,1,,,
G12_Y3_005_276,1,,,
G12_Y1_ND2_023,1,,,
G12_Y4_212_165,1,,,
G12_Y4_206_080,1,,,
G15_Y4_213_353,1,,,
G12_Y1_DS2_008,1,,,
G15_Y2_005_023,1,,,
G09_Y4_206_208,1,,,
G09_Y4_224_165,1,,,
G15_Y3_011_360,1,,,
G15_Y4_201_353,1,,,
G02_Y4_028_354,1,,,
G15_Y2_008_161,1,,,
G15_Y4_202_129,1,,,
G09_Y4_203_354,1,,,
G09_Y4_207_107,1,,,
G09_Y2_031_365,1,,,
G15_Y4_202_041,1,,,
G09_Y1_IS2_002,1,,,
G09_Y1_test_356,1,,,
G02_Y4_036_061,1,,,
G15_Y4_205_127,1,,,
G15_Y1_IN1_060,1,,,
G12_Y1_GND1_056,1,,,
G09_Y1_GN2_342,1,,,
G12_Y1_HN1_354,1,,,
G12_Y5_015_391,,,1,
G12_Y1_GS2_003,1,,,
G09_Y4_201_102,1,,,
G09_Y4_203_378,1,,,
G02_Y4_036_060,1,,,
G12_Y1_CS2_130,1,,,
G12_Y2_009_102,1,,,
G02_Y3_009_026,1,,,
G15_Y3_001_354,1,,,
G09_Y2_031_079,1,,,
G12_Y4_211_216,1,,,
G09_Y4_212_102,1,,,
G02_Y4_031_071,1,,,
G15_Y4_233_356,1,,,
G09_Y4_206_328,1,,,
G09_Y1_GS1_381,1,,,
G09_Y4_203_285,1,,,
G02_Y3_016_161,1,,,
G09_Y4_201_070,1,,,
G09_Y1_EN1_056,1,,,
G09_Y1_BN2_036,1,,,
G02_Y3_014_026,1,,,
G15_Y1_FN1_117,1,,,
G15_Y3_036_115,1,,,
G12_Y3_038_276,1,,,
G09_Y4_207_169,1,,,
G15_Y1_DS1_216,1,,,
G12_Y1_EX1_117,1,,,
G12_Y1_BN1_356,1,,,
G15_Y5_033_353,1,,,
G15_Y1_CS2_342,1,,,
G09_Y4_201_356,1,,,
G09_Y4_201_077,1,,,
G12_Y1_GS2_356,1,,,
G02_Y3_013_047,1,,,
G09_Y4_207_056,1,,,
G15_Y4_243_119,1,,,
G09_Y1_IS2_278,1,,,
G09_Y4_208_079,1,,,
G15_Y4_233_216,1,,,
G09_Y4_201_027,1,,,
G12_Y1_ND2_080,1,,,
G15_Y2_012_115,1,,,
G12_Y1_BS2_023,1,,,
G12_Y1_DS2_023,1,,,
G15_Y4_211_168,1,,,
G12_Y2_028_129,1,,,
G02_Y3_014_080,1,,,
G02_Y5_071_005,,1,,bad splice
G12_Y5_025_064,1,,,
G12_Y5_021_061,1,,,
G09_Y4_228_345,1,,,
G12_Y1_ES1_021,1,,,
G09_Y2_031_120,1,,,
G12_Y1_BS2_354,1,,,
G02_Y3_009_277,1,,,
G12_Y3_023_040,1,,,
G12_Y1_BS2_276,1,,,
G09_Y1_IS1_356,1,,,
G09_Y4_240_041,1,,,
G02_Y3_015_077,1,,,
G12_Y3_007_360,1,,,
G12_Y1_EN1_129,1,,,
G02_Y4_030_110,1,,,
G09_Y4_206_283,1,,,
G15_Y3_016_060,1,,,
G12_Y5_024_061,1,,,
G15_Y1_EN2_348,1,,,
G15_Y1_ES1_055,1,,,
G02_Y3_016_064,1,,,
G09_Y2_029_117,1,,,
G12_Y1_CN1_060,1,,,
G12_Y5_028_165,1,,,
G02_Y4_041_110,1,,,
G12_Y5_011_216,1,,,
G02_Y4_036_168,1,,,
G09_Y4_206_071,1,,,
G15_Y5_062_360,,1,,bad splice
G12_Y1_HS2_117,1,,,
G02_Y4_031_211,1,,,
G15_Y2_012_345,1,,,
G15_Y4_214_061,1,,,
G12_Y4_206_361,1,,,
G15_Y5_033_279,1,,,
G09_Y1_IN1_040,1,,,
G15_Y3_008_278,1,,,
G12_Y1_FN1_281,1,,,
G12_Y4_207_354,1,,,
G09_Y1_FN1_107,1,,,
G15_Y4_206_080,1,,,
G02_Y4_038_107,1,,,
G09_Y4_245_026,1,,,
G09_Y1_ES2_395,1,,,
G15_Y4_201_360,1,,,
G09_Y4_202_110,1,,,
G02_Y4_026_063,1,,,
G09_Y1_HN2_244,1,,,
G12_Y1_GS2_360,1,,,
G12_Y4_206_071,1,,,
G09_Y1_CS2_130,1,,,
G12_Y1_GN1_026,1,,,
G02_Y4_026_009,,,1,
G02_Y3_013_180,,,1,
G02_Y4_030_061,1,,,
G15_Y3_009_011,,1,,
G15_Y2_008_037,1,,,
G15_Y4_215_161,1,,,
G09_Y4_205_161,1,,,
G02_Y4_028_356,1,,,
G02_Y4_040_362,1,,,
G09_Y1_GN2_356,1,,,
G02_Y3_009_365,1,,,
G12_Y5_025_161,1,,,
G09_Y1_IS1_341,1,,,
G12_Y4_209_385,,1,,
G09_Y4_215_079,1,,,
G09_Y4_206_313,1,,,
G15_Y2_022_119,1,,,
G12_Y4_207_115,1,,,
G02_Y3_009_279,1,,,
G02_Y4_043_108,1,,,
G09_Y1_GN2_361,1,,,
G15_Y4_201_024,1,,,
G12_Y5_025_129,1,,,
G02_Y4_032_165,1,,,
G09_Y1_GN2_204,1,,,
G02_Y3_019_385,,1,,bad splice
G02_Y5_106_371,,1,,bad splice
G09_Y1_ES1_345,1,,,
G15_Y3_005_169,1,,,
G15_Y2_012_026,1,,,
G12_Y6_073_383,,1,,
G02_Y3_015_365,1,,,
G15_Y2_010_027,,1,,bad splice
G15_Y1_AS1_345,1,,,
G12_Y1_HN1_117,1,,,
G15_Y2_005_117,1,,,
G12_Y2_005_064,1,,,
G09_Y2_004_271,1,,,
G12_Y4_210_393,,1,,
G15_Y1_CN1_111,1,,.
G15_Y1_DN1_077,,1,,DN1 field error
G15_Y1_DN1_036,,1,,DN1 field error
G15_Y1_DN1_061,,1,,DN1 field error
G15_Y1_DN1_308,,1,,DN1 field error
G15_Y1_DN1_295,,1,,DN1 field error
G15_Y1_DN1_081,,1,,DN1 field error
G15_Y1_AN2_026,1,,,
G12_Y1_AS2_111,1,,,
G02_Y5_116_388,,1,,bad splice
G12_Y1_IN1_279,1,,,
G12_Y4_206_020,,1,,bad splice
G15_Y6_102_086,,1,,bad splice
G15_Y3_010_192,,1,,bad splice
G15_Y3_007_137,,1,,bad splice
G15_Y1_FS2_054,,1,,bad splice
G15_Y2_013_003,,1,,bad splice
G15_Y3_006_382,,1,,bad splice
G15_Y4_235_370,,1,,
G09_Y1_AN2_161,1,,,
G12_Y2_029_086,,1,,
G15_Y4_235_372,,1,,
G09_Y1_FX2_117,1,,,
G12_Y1_BS2_026,1,,,
G15_Y3_015_032,,1,,bad splice
G09_Y1_ES2_062,1,,,
G12_Y1_FS1_125,1,,,
G12_Y1_HS2_010,1,,,
G15_Y1_GN1_342,1,,,
G12_Y1_GS2_271,1,,,
G12_Y5_027_370,1,,,
G09_Y1_GS1_132,1,,,
G12_Y1_IS2_028,1,,,
G12_Y1_BX2_356,1,,,
G02_Y4_025_274,1,,,
G09_Y4_206_254,1,,,
G02_Y4_026_369,1,,,